bucket	date	oca_title	best_ours	score
present	01-01	The Circumcision of our Lord and Savior Jesus Christ	Circumcision of Our Lord	1.0
present	01-01	Saint Basil the Great, Archbishop of Caesarea in Cappadocia	Our Father among the Saints Basil the Great (379).	1.0
present	01-01	Martyr Basil of Ancyra	Our Father among the Saints Basil the Great (379).	1.0
present	01-01	Saint Emilia, Mother of Saint Basil the Great	Our Father among the Saints Basil the Great (379).	1.0
missing	01-01	Icon of the Mother of God “You are a Vineyard” (Georgian: Shen khar venakhi)		0.0
present	01-01	Monastic Martyr Telemakhos	Telemachos the Martyr	1.0
present	01-02	Forefeast of the Theophany of our Lord and Savior Jesus Christ	Forefeast of Theophany	1.0
present	01-02	Repose of Venerable Seraphim, Wonderworker of Sarov	Repose of St Seraphim of Sarov	1.0
present	01-02	Saint Sylvester, Pope of Rome	St Sylvester, Pope of Rome (335)	1.0
present	01-02	Venerable Sylvester of the Kiev Near Caves	Sylvester of the Kiev Caves	1.0
probable	01-02	Righteous Juliana of Lazarevo, Murom	Venerable Juliana of Lazarevskoye (1604)	0.5
missing	01-02	Hieromartyr Theogenes, Bishop of Parium on the Hellespont		0.0
probable	01-02	New Martyr George of Iberia	Holy New Martyr George the Georgian (1770)	0.5
present	01-03	Forefeast of the Theophany of our Lord and Savior Jesus Christ	Forefeast of Theophany	1.0
present	01-03	Holy Prophet Malachi	Prophet Malachi	1.0
present	01-03	Martyr Gordius at Caesarea, in Cappadocia	Holy Martyr Gordius of Caesarea (4th c.)	1.0
present	01-03	Venerable Genevieve of Paris	Our Holy Mother Genevieve of Paris (ca. 502)	1.0
missing	01-03	Saint Euthymius (Takaishvili)		0.0
missing	01-03	Discovery of the Relics of the Holy Great Martyr Ephraim		0.0
present	01-04	Forefeast of the Theophany of our Lord and Savior Jesus Christ	Forefeast of Theophany	1.0
missing	01-04	Synaxis of the Seventy Apostles		0.0
present	01-04	Venerable Theoctistus, Abbot at Cucomo, in Sicily	Our Righteous Father Theoctistus, Abbot of Cucomo in Sicily	1.0
present	01-04	Repose of Saint Eustathius I, Archbishop of Serbia	Eustathios Archbishop of Serbia	1.0
elsewhere	01-04	Saint Aquila, Deacon, of the Kiev Caves	08-28  Synaxis of the Kiev Cave Fathers	1.0
elsewhere	01-04	Confessors Zosimus the Hermit and Athanasius the Commentarisius (Superintendent of Prisoners), Anchorites, of Cilicia	09-19  Holy Martyr Zosimas the Hermit of Cilicia (4th c.)	1.0
present	01-04	Saint Nikephoros the Leper	Nikephoros the Leper	1.0
present	01-04	Venerable Euthymius and twelve other Monks, martyred at Vatopedi	Righteous Euthymios of Vatopedi	1.0
present	01-04	Venerable New Martyr Onuphrius of Hilandar (Mount Athos)	New Martyr Onuphrios	1.0
missing	01-04	Holy Fathers of the Shio-Mgvime Monastery		0.0
missing	01-04	Metropolitan Symeon of Smolensk		0.0
present	01-05	Eve of the Theophany of our Lord and Savior Jesus Christ	Eve of Theophany	1.0
present	01-05	Hieromartyr Theopemptus, Bishop of Nicomedia, and Martyr Theonas	Holy Martyrs Theopemptus and Theonas (ca. 290)	1.0
present	01-05	Venerable Synkletika of Alexandria	Our Venerable Mother Syncletike (4th c.)	1.0
missing	01-05	Prophet Micah		0.0
present	01-05	Saint Apollinaria of Egypt	Apollinaria of Egypt	1.0
missing	01-05	Venerable Phosterius the Hermit		0.0
missing	01-05	Venerable Menas of Sinai		0.0
missing	01-05	Venerable Gregory of Crete		0.0
missing	01-05	Venerable Romanus the Martyr		0.0
present	01-06	Feast of the Theophany of our Lord and Savior Jesus Christ	Theophany of Our Lord and Savior Jesus Christ	1.0
missing	01-06	Venerable Macarius of Mount Athos		0.0
elsewhere	01-07	Afterfeast of the Theophany of our Lord and Savior Jesus Christ	01-06  The Holy Theophany of our Lord, God and Savior Jesus Christ	0.83
present	01-07	Synaxis of the Holy Glorious Prophet, Forerunner and Baptist John	Synaxis of St John the Baptist	1.0
missing	01-07	Saint Pakhomios of Keno Lake		0.0
missing	01-07	Saint Brannock of Braunton		0.0
present	01-07	Saint Cedd of Lastingham	Our Venerable Father Cedd, Bishop of Essex and Abbot of Lastingham (664)	1.0
elsewhere	01-08	Afterfeast of the Theophany of our Lord and Savior Jesus Christ	01-06  The Holy Theophany of our Lord, God and Savior Jesus Christ	0.83
present	01-08	Venerable George the Chozebite, Abbot	Ven. George the Chozebite	1.0
probable	01-08	Venerable Domnica of Constantinople	Our Venerable Mother Domnica (Domnina) (ca. 474)	0.5
present	01-08	Saint Emilian the Confessor, Bishop of Cyzicus	Emilianos the Confessor, Bishop of Cyzikos	1.0
present	01-08	Venerable Gregory, Wonderworker of the Kiev Near Caves	Gregory of the Kiev Caves	1.0
present	01-08	Venerable Gregory the Recluse, of the Kiev Caves	Gregory of the Kiev Caves	1.0
missing	01-08	Hieromartyr Isidore and 72 others at Yuriev, Estonia		0.0
missing	01-08	Saint Paisius of Uglich		0.0
missing	01-08	Saint Carterius of Caesarea in Cappadocia		0.0
missing	01-08	Martyrs Theophilus the Deacon, and Helladius, in Libya		0.0
missing	01-08	Martyrs Julian and his wife, Basilissa, and those with them in Egypt		0.0
missing	01-08	Venerable Elias the Hermit, of Egypt		0.0
missing	01-08	Martyr Abo the Perfumer, of Tbilisi, Georgia		0.0
probable	01-08	Venerable Gregory of Ochrid	Gregory of the Kiev Caves	0.5
elsewhere	01-09	Afterfeast of the Theophany of our Lord and Savior Jesus Christ	01-06  The Holy Theophany of our Lord, God and Savior Jesus Christ	0.83
present	01-09	Martyr Polyeuktos of Melitene in Armenia	Martyr Polyeuctus of Melitene in Armenia	1.0
present	01-09	Hieromartyr Philip, Metropolitan of Moscow and All Russia	Hieromartyr Philip, Metropolitan of Moscow	1.0
missing	01-09	Prophet Shemaiah (Samaia or Semeias)		0.0
present	01-09	Saint Peter, Bishop of Sebaste, in Armenia	Saint Peter II, Bishop of Sebaste (4th c.)	1.0
present	01-09	Saint Eustratius the Wonderworker	Venerable Eustratius the Wonderworker (9th c.)	1.0
elsewhere	01-10	Afterfeast of the Theophany of our Lord and Savior Jesus Christ	01-06  The Holy Theophany of our Lord, God and Savior Jesus Christ	0.83
present	01-10	Saint Gregory, Bishop of Nyssa	St Gregory of Nyssa	1.0
present	01-10	Saint Dometian, Bishop of Melitene	Dometian, Bishop of Melitene	1.0
missing	01-10	Saint Marcian the Presbyter in Constantinople		0.0
missing	01-10	Venerable Paul, Abbot of Obnora, Vologda		0.0
missing	01-10	Venerable Makarios of Pisma and Kostroma		0.0
present	01-10	Blessed Theosebia the Deaconess, sister of Saints Basil the Great and Gregory of Nyssa	St Gregory of Nyssa	1.0
missing	01-10	Venerable Antipas of Valaam Monastery		0.0
present	01-10	Saint Theophan the Recluse, Bishop of Tambov	St Theophan the Recluse	1.0
probable	01-11	Afterfeast of the Theophany of our Lord and Savior Jesus Christ	Venerable Michael of Klops, Fool for Christ (1456)	0.2
present	01-11	Venerable Theodosius the Great, the Cenobiarch	Our Holy Father Theodosius the Cenobiarch (519)	1.0
present	01-11	Venerable Michael the Fool-for-Christ of the Klops Monastery, Novgorod	Venerable Michael of Klops, Fool for Christ (1456)	1.0
probable	01-11	Saint Theodosius of Antioch	Our Holy Father Theodosius the Cenobiarch (519)	0.5
probable	01-11	Venerable Theodosius, Metropolitan of Trebizond	Our Holy Father Theodosius the Cenobiarch (519)	0.5
missing	01-11	Yelets Icon of the Mother of God		0.0
elsewhere	01-12	Afterfeast of the Theophany of our Lord and Savior Jesus Christ	01-06  The Holy Theophany of our Lord, God and Savior Jesus Christ	0.83
present	01-12	Martyr Tatiana of Rome, and those who suffered with her	Holy Martyr Tatiana (ca. 230)	1.0
missing	01-12	Venerable Martinian, Abbot of Belozersk		0.0
present	01-12	Martyr Mertius of Mauretania	Martyr Mertios	1.0
missing	01-12	Martyr Peter Apselamus of Palestine		0.0
missing	01-12	Venerable Eupraxia of Tabenna, in Egypt		0.0
missing	01-12	Icon of the Mother of God of “the Akathist”		0.0
missing	01-12	Icon of the Mother of God the “Milkgiver”		0.0
missing	01-12	Icon of the Mother of God, the “Priestly”		0.0
missing	01-12	Virgin Martyrs Neollina, Domnina, and Parthena		0.0
missing	01-12	Founder's Icon of the Mother of God at Vatopedi Monastery		0.0
elsewhere	01-13	Afterfeast of the Theophany of our Lord and Savior Jesus Christ	01-06  The Holy Theophany of our Lord, God and Savior Jesus Christ	0.83
present	01-13	Martyrs Hermylus and Stratonicus of Belgrade	Martyrs Hermylus and Stratonicus	1.0
missing	01-13	Venerable Irenarchus the Recluse of Rostov		0.0
missing	01-13	Venerable Eleazar of Anzersk Island, Solovki		0.0
missing	01-13	Martyr Peter of Anium, at Hieropolis		0.0
missing	01-13	Saint James, Bishop of Nisibis		0.0
present	01-13	Saint Hilary, Bishop of Poitiers	Our Holy Father Hilary, Bishop of Poitiers (369)	1.0
probable	01-13	Venerable Maximus Kavsokalyvites of Mount Athos	Our Holy Father Maximos Kavsokalybites (the Hut-burner) (1365)	0.5
missing	01-13	Saint Elian, Missionary to Cornwall, England		0.0
missing	01-13	Saint Jeremiah I Patriarch of Constantinople		0.0
present	01-14	Leavetaking of the Theophany of our Lord and Savior Jesus Christ	Leavetaking of Theophany	1.0
present	01-14	Saint Savva I, first Archbishop of Serbia	Our Holy Father Sava (Sabbas), Enlightener and first Archbishop of Serbia (1236)	1.0
present	01-14	Holy Monastic Fathers slain at Sinai and Raithu	The Holy Fathers slain at Sinai and Raithu (4th – 5th c.)	1.0
present	01-14	Saint Nino (Nina), Equal of the Apostles, Enlightener of Georgia	St Nino of Georgia	1.0
missing	01-14	Saint Joseph Analytinus of Raithu		0.0
missing	01-14	Venerable Theodulus, son of Venerable Nilus of Sinai		0.0
missing	01-14	Venerable Stephen, Abbot of Khenolakkos Monastery, near Chalcedon		0.0
probable	01-14	Saint Kentigern, first Bishop of Glasgow, Scotland	Our Holy Father Sava (Sabbas), Enlightener and first Archbishop of Serbia (1236)	0.25
missing	01-14	Saint Meletios, Bishop of Ryazan		0.0
probable	01-14	Hieromartyr Platon, the first Bishop of Estonia, and all the New Martyrs of Estonia	Our Holy Father Sava (Sabbas), Enlightener and first Archbishop of Serbia (1236)	0.25
present	01-15	Venerable Paul of Thebes	Ven. Paul of Thebes and John Calabytes	1.0
present	01-15	Venerable John Calabytes “the Hut-Dweller”	Our Holy Father John Kalyvites (the hut-dweller) (ca. 450)	0.75
present	01-15	Venerable Pansophius of Alexandria, the Martyr	Ven. Pansophius of Alexandria, the Martyr	1.0
missing	01-15	Saint Prochorus, Abbot in the Vranski Desert on the River Pshina in Bulgaria		0.0
missing	01-15	Venerable Gabriel, Founder of Lesnov Monastery in Bulgaria		0.0
probable	01-15	Saint Ita, Hermitess of Killeedy	Saint Ita of Kileedy, Ireland (570)	0.67
missing	01-15	Saints Salome of Ujarma and Perozhavra of Sivnia		0.0
missing	01-15	Saint Barlaam of Keretsk		0.0
present	01-16	Veneration of the Precious Chains of the Holy and All-Glorious Apostle Peter	Veneration of Chains of Apostle Peter	1.0
elsewhere	01-16	Blessed Maximus the Fool for Christ of Tot'ma	10-02  Bl. Andrew, Fool-for-Christ	0.75
missing	01-16	Martyred brothers Speusippus, Eleusippus, Meleusippus, and those with them, in Gaul		0.0
missing	01-16	Martyr Danax the Reader, in Macedonia		0.0
missing	01-16	Saint Honoratus, Archbishop of Arles, founder of Lerins Monastery		0.0
missing	01-16	Hieromartyr Damascene the New		0.0
missing	01-16	Venerable Romilus of Ravenica		0.0
probable	01-17	Venerable and God-bearing Father Anthony the Great	Ven. Godbearing Anthony the Great	0.33
probable	01-17	Venerable Anthony of Dymsk, Novgorod	Ven. Godbearing Anthony the Great	0.33
probable	01-17	Venerable Anthony of Chernoezero	Ven. Godbearing Anthony the Great	0.5
probable	01-17	Saint Anthony of Krasny Kholm	Ven. Godbearing Anthony the Great	0.33
present	01-17	Emperor Theodosius the Great	Pious Emperor Theodosius the Great (395)	1.0
missing	01-17	Venerable Achilles		0.0
present	01-18	Saint Athanasius the Great, Archbishop of Alexandria	Ss Athanasius the Great and Cyril of Alexandria	1.0
present	01-18	Saint Cyril, Archbishop of Alexandria	Ss Athanasius the Great and Cyril of Alexandria	1.0
probable	01-18	Venerable Athanasius, Abbot of Syandemsk, Vologda	Ss Athanasius the Great and Cyril of Alexandria	0.33
probable	01-18	Righteous Athanasius of Novolotsk	Ss Athanasius the Great and Cyril of Alexandria	0.5
missing	01-18	Venerable Marcian of Cyrrhus in Syria		0.0
probable	01-18	Venerable Schemamonk Cyril and Schemanun Maria, the parents of Saint Sergius of Radonezh	Ss Athanasius the Great and Cyril of Alexandria	0.33
missing	01-18	Saint Joachim I, Patriarch of Trnovo and Bulgaria		0.0
missing	01-18	Saint Maximus, Archbishop of Serbia		0.0
missing	01-18	Saint Maximus the New		0.0
missing	01-18	Saint Ephraim the Lesser		0.0
missing	01-18	Venerable Hieromonk Alexei of Teklati		0.0
probable	01-19	Venerable Macarius the Great of Egypt	Ven. Macarius the Great	0.5
probable	01-19	Venerable Macarius of Alexandria	Ven. Macarius the Great	0.5
present	01-19	Saint Mark, Archbishop of Ephesus	Our Holy Father Mark Eugenikos, Metropolitan of Ephesus and Confessor of the Orthodox Faith (1443)	1.0
probable	01-19	Venerable Macarius the Faster, of the Kiev Near Caves	Ven. Macarius the Great	0.5
probable	01-19	Venerable Macarius the Deacon of the Kiev Caves	Ven. Macarius the Great	0.5
elsewhere	01-19	Righteous Theodore of Novgorod the Fool-For-Christ	07-27  Nicholas of Novgorod the fool-for-Christ	0.8
missing	01-19	Opening of the Relics of Venerable Savva of Storozhev, or Zvenigorod		0.0
probable	01-19	Venerable Makarios the Roman of Novgorod	Ven. Macarius the Great	0.5
missing	01-19	Virgin Martyr Euphrasia of Nicomedia		0.0
missing	01-19	Saint Arsenius, Archbishop of Kerkyra		0.0
missing	01-19	Saint Anthony, founder of Monasticism in Georgia		0.0
missing	01-19	Commemoration of the miracle of Saint Basil the Great at Nicaea		0.0
missing	01-19	The transfer of the relics of Saint Gregory the Theologian		0.0
present	01-20	Venerable Euthymius the Great	Ven. Euthymius the Great	1.0
probable	01-20	Venerable Euthymius the Schemamonk	Ven. Euthymius the Great	0.5
elsewhere	01-20	Saint Laurence, Recluse of the Kiev Far Caves	01-29  St Laurence, Recluse of the Kiev Caves	1.0
probable	01-20	Venerable Euthymius of Syanzhemsk, Vologda	Ven. Euthymius the Great	0.5
present	01-20	Martyrs Innas, Pinnas, and Rimmas, disciples of the Apostle Andrew, in Scythia	Holy Martyrs Inna, Pinna and Rimma (Nirra) (1st – 2nd c.)	0.75
missing	01-20	Martyrs Bassus, Eusebius, Euthychius, and Basileides, at Nicomedia		0.0
probable	01-20	Saint Euthymios, Patriarch of Trnovo	Ven. Euthymius the Great	0.5
missing	01-20	New Martyr Zachariah		0.0
present	01-20	Saint Euthymius the Confessor	Ven. Euthymius the Great	1.0
present	01-21	Venerable Maximus the Confessor	Ven. Maximus the Confessor	1.0
present	01-21	Martyr Neophytus of Nicea	Neophytos the Martyr of Nicaea	1.0
missing	01-21	Martyrs Eugene, Candidus, Valerian, and Aquila, at Trebizond		0.0
present	01-21	Virgin Martyr Agnes of Rome	Holy Martyr Agnes of Rome (ca. 304)	1.0
probable	01-21	Martyr Anastasius, disciple of Venerable Maximus the Confessor	Ven. Maximus the Confessor	0.5
probable	01-21	Venerable Neóphytos of Vatopaidi Monastery on Mount Athos	Neophytos the Martyr of Nicaea	0.5
present	01-21	Venerable Maximus the Greek	Our Holy Father Maximos the Greek (1556)	1.0
missing	01-21	Icon of the Mother of God “Comfort” or “Consolation”		0.0
missing	01-21	Icon of the Mother of God “Stabbed”		0.0
missing	01-21	Icon of the Mother of God “Xenophon Hodegetria”		0.0
missing	01-21	Martyr Fructuosis, Bishop of Tarragona, Spain, and his deacons Augurius and Eulogius		0.0
missing	01-21	Saint George (John) of Georgia		0.0
present	01-22	Apostle Timothy of the Seventy	Apostle Timothy of the Seventy	1.0
probable	01-22	Monastic Martyr Anastasius the Persian	Holy Martyr Anastasius of Persia (628)	0.5
probable	01-22	Monastic Martyr Anastasius the Deacon of the Kiev Near Caves	Holy Martyr Anastasius of Persia (628)	0.5
missing	01-22	Venerable Macarius of Zhabyn the Wonderworker		0.0
missing	01-22	377 Martyred Companions in Bulgaria		0.0
missing	01-22	Saint Brihtwald of Wilton		0.0
missing	01-22	Saint Euthymius		0.0
present	01-23	Hieromartyr Clement, Bishop of Ancyra, and Martyr Agathangelus	Hieromartyr Clement and Martyr Agathangel	1.0
missing	01-23	Venerable Gennadius of Kostroma		0.0
missing	01-23	Translation of the relics of Saint Theoctistus, Archbishop of Novgorod		0.0
missing	01-23	Venerable Mausimas the Syrian		0.0
missing	01-23	Saint Salamanēs the Silent of the Euphrates		0.0
missing	01-23	Saint Paulinus the Merciful, Bishop of Nola		0.0
missing	01-23	Commemoration of the Holy Fathers of the Sixth Ecumenical Council		0.0
missing	01-23	Synaxis of the Saints of Kostroma		0.0
probable	01-24	Venerable Xenia of Rome, and her two female servants	Ven. Xenia of Rome	0.67
missing	01-24	Saint Gerasimus, Bishop of Perm		0.0
missing	01-24	Martyr John of Kazan		0.0
present	01-24	Martyr Babylas of Sicily, and his two disciples: Timothy and Agapius	Vavylas the Holy Martyr	1.0
missing	01-24	Saint Macedonius the Hermit of Syria		0.0
missing	01-24	Uncovering of the relics of Saint Anastasios the Persian		0.0
missing	01-24	Venerable Dionysius of Olympus		0.0
missing	01-24	Venerable Philotheus, founder of Philotheou Monastery, Mount Athos		0.0
present	01-24	Blessed Xenia of St. Petersburg	Bl. Xenia of St Petersburg	1.0
missing	01-24	Martyrs Theodotion, Paul, and Pausirios		0.0
missing	01-24	Saint Philon, Bishop of Kolpasteia, Crete		0.0
missing	01-24	Hieromartyr Philippicus and Martyr Barsimos		0.0
missing	01-24	Saint Macarius		0.0
present	01-25	Sunday of Zacchaeus	Sunday of Zacchaeus	1.0
missing	01-25	New Martyrs and Confessors of Russia		0.0
present	01-25	Saint Gregory the Theologian, Archbishop of Constantinople	St Gregory the Theologian	1.0
missing	01-25	Saint Moses, Archbishop of Novgorod		0.0
missing	01-25	Martyr Felicitas of Rome, and her seven sons		0.0
missing	01-25	Saint Publius the Ascetic of Syria		0.0
missing	01-25	Saint Mares the Singer in Syria		0.0
missing	01-25	Translation to Moscow of the Icon of the Mother of God “Assuage my Sorrow”		0.0
missing	01-25	Icon of the Mother of God “The Unexpected Joy”		0.0
elsewhere	01-25	Saint Vladimir, Metropolitan of Kiev and Gallich	12-06  St Maximus, Metropolitan of Kiev & Vladimir (1305)	0.75
missing	01-25	New Martyr Auxentius of Constantinople		0.0
missing	01-25	Venerable Anatole I of Optina		0.0
missing	01-25	Saint Dositheus of Tbilisi		0.0
missing	01-25	Saint Gabriel, Bishop of Imereti		0.0
missing	01-25	Saint Vetranion of Tomis		0.0
present	01-26	Venerable Xenophon, his wife, Mary, and their two sons, Arcadius and John, of Constantinople	Ven. Xenophon, Mary, and their sons Arcadius and John	0.86
missing	01-26	Translation of the relics of Venerable Theodore, Abbot of Studion		0.0
probable	01-26	Saint Xenophon of Robeika	Ven. Xenophon, Mary, and their sons Arcadius and John	0.5
missing	01-26	Martyrs Ananias the Presbyter, Peter, and seven soldiers, in Phoenicia		0.0
present	01-26	Saint Simeon “the Ancient” of Mount Sinai	St Simeon the Elder of Mount Sinai	0.75
elsewhere	01-26	Saint Joseph, Bishop of Thessalonica, and brother of Saint Theodore of Studion	07-14  Our Father among the Saints Joseph, Archbishop of Thessalonika (833)	1.0
missing	01-26	Blessed David IV, King of Georgia		0.0
missing	01-26	Saint Theodore of Ajareli		0.0
present	01-26	Saint Paula	Our Holy Mother Paula of Rome (404)	1.0
probable	01-27	Translation of the relics of Saint John Chrysostom, Archbishop of Constantinople	Transl. Relics of St John Chrysostom	0.67
missing	01-27	Saint Clement the Stylite who lived as an ascetic on Mount Ságmata in Boeotia		0.0
missing	01-27	Holy Empress Markianḗ		0.0
missing	01-27	Holy King Askiot of Georgia		0.0
present	01-28	Venerable Ephraim the Syrian	Ven. Ephrem the Syrian	1.0
present	01-28	Venerable Theodosius, Abbot of Totma, Vologda	Theodosius of Totma	1.0
probable	01-28	Venerable Ephraim the Wonderworker, Abbot of Novy Torg	Ven. Ephrem the Syrian	0.33
probable	01-28	Saint Ephraim, Bishop of Pereyaslavl, Kiev Caves, Far Caves	Ven. Ephrem the Syrian	0.33
present	01-28	Venerable Palladius the Hermit, of Antioch	Palladios the Hermit of Antioch	1.0
present	01-28	Saint Isaac the Syrian, Bishop of Nineveh	Our Holy Father Isaac the Syrian, bishop of Nineveh (7th c.)	1.0
missing	01-28	Totemsk-Sumorin Icon of the Mother of God		0.0
missing	01-28	Saints Archilius and Luarsaab		0.0
probable	01-29	Translation of the relics of the Hieromartyr Ignatius, the Godbearer and Bishop of Antioch	Trans. Rel. Ignatius the Godbearer	0.67
present	01-29	Saint Laurence, Recluse of the Kiev Caves, Far Caves, and Bishop of Turov	St Laurence, Recluse of the Kiev Caves	1.0
missing	01-29	Saint Gerasimus, Bishop of Perm		0.0
missing	01-29	Saint Pitirim, Bishop of Perm		0.0
missing	01-29	Saint Jonah, Bishop of Perm		0.0
missing	01-29	Martyrs Romanus, Jacob (James), Philotheus, Hyperechius, Abibus, Julian, and Paregonius, at Samosata		0.0
missing	01-29	Martyr Ashot Curapalati, King of Artanuji		0.0
probable	01-29	Saint Ignatius, Wonderworker and Bishop of Smolensk	Trans. Rel. Ignatius the Godbearer	0.5
missing	01-29	Saint Aphraates of Persia		0.0
missing	01-29	Martyrs Sarbelus and Bebaia of Edessa		0.0
missing	01-29	New Martyr Demetrius		0.0
missing	01-29	Saint Akepsimas the Martyr		0.0
present	01-30	Synaxis of the Ecumenical Teachers and Hierarchs: Basil the Great, Gregory the Theologian, and John Chrysostom	Synaxis 3 Hierarchs: Basil the Great, Gregory the Theologian, John Chrysostom	1.0
elsewhere	01-30	Hieromartyr Hippolytus, and those with him	08-13  Holy Martyr Hippolytus of Rome and 18 Martyrs with him (258)	1.0
elsewhere	01-30	Venerable Zeno the Faster, of the Kiev Caves	08-28  Synaxis of the Kiev Cave Fathers	1.0
probable	01-30	Venerable Zeno the Hermit of Antioch, disciple of Saint Basil the Great	Synaxis 3 Hierarchs: Basil the Great, Gregory the Theologian, John Chrysostom	0.2
missing	01-30	Martyr Theophilus the New in Cyprus		0.0
present	01-30	Blessed Peter, King of Bulgaria	Saint Peter, King of Bulgaria (970)	1.0
missing	01-30	Icon of the Mother of God “Tinos”		0.0
missing	01-30	Saint Demetrius, New Martyr of Sliven		0.0
missing	01-30	New Martyr Theodore		0.0
present	01-31	Holy Wonderworkers and Unmercenaries Cyrus and John, and those with them	Unmercenaries Cyrus and John	1.0
present	01-31	Venerable Niketas of the Kiev Caves, Far Caves, Bishop of Novgorod	Venerable Nicetas, hermit of the Kiev Caves and Bishop of Novgorod (1108)	0.8
missing	01-31	Martyrs Victorinus, Victor, Nikēphóros, Claudius, Diodorus, Serapion, and Papias, of Egypt		0.0
missing	01-31	Martyr Tryphaίnē at Cyzicus		0.0
present	01-31	Saint Arsenius of Paros	Our Righteous Father Arsenius of Parus	1.0
missing	01-31	Saint Julius of Aegina		0.0
present	02-01	Sunday of the Publican and the Pharisee Beginning of the Lenten Triodion	Beginning of the Lenten Triodion	1.0
missing	02-01	Forefeast of the Meeting of our Lord in the Temple		0.0
present	02-01	Martyr Tryphon of Lampsacus Near Apamea in Syria	Martyr Tryphon	1.0
present	02-01	Martyrs Perpetua, a woman of Carthage, and the Catechumens: Saturus, Revocatus, Saturninus, Secundulus and Felicitas	Holy Martyrs Perpetua and Felicity, and those with them at Carthage (203)	0.75
missing	02-01	Venerable Peter the Hermit of Galatia Near Antioch, in Syria		0.0
missing	02-01	Venerable Vendemianus the Hermit of Bithynia		0.0
probable	02-01	Venerable Brigid (Bridget) of Ireland	Our Holy Mother Brigid of Kildare (524)	0.5
present	02-01	Saint Tryphon, Bishop of Rostov	Martyr Tryphon	1.0
missing	02-01	Icon of the Mother of God “Socola”		0.0
missing	02-01	Saint Seririol of Wales		0.0
present	02-02	The Meeting of our Lord and Savior Jesus Christ in the Temple	Meeting of Christ in the Temple	1.0
missing	02-03	Afterfeast of the Meeting of our Lord in the Temple		0.0
probable	02-03	Holy, Righteous Simeon the God-Receiver	Righteous Simeon the Godbearer and Anna the Prophetess	0.33
present	02-03	Holy, Righteous Anna the Prophetess	Righteous Simeon the Godbearer and Anna the Prophetess	1.0
missing	02-03	Right-Believing Prince Roman of Uglich		0.0
missing	02-03	Prophet Azariah		0.0
missing	02-03	Martyrs Papias, Diodorus and Claudianus, at Perge in Pamphylia		0.0
missing	02-03	Saint Savva of Ioannina		0.0
missing	02-03	Martyr Adrian at Caesarea, Cappadocia		0.0
missing	02-03	Martyr Eubulus at Caesarea, Cappadocia		0.0
missing	02-03	Martyr Blaise of Caesarea, in Cappadocia		0.0
probable	02-03	Saint Simeon, Bishop of Polotsk and Tver	Righteous Simeon the Godbearer and Anna the Prophetess	0.33
missing	02-03	Saint Jacob, Archbishop of Serbia		0.0
present	02-03	Saint Nicholas, Enlightener of Japan	Our Father among the Saints, Nikolai (Nicholas), Archbishop and Enlightener of Japan (1912)	1.0
missing	02-04	Afterfeast of the Meeting of our Lord in the Temple		0.0
present	02-04	Venerable Isidore of Pelusium	Ven. Isidore of Pelusium	1.0
missing	02-04	Right-believing George the Great Prince of Vladimir		0.0
probable	02-04	Venerable Cyril the Wonderworker, Abbot of Novoezersk, Novgorod	Venerable Cyril of New Lake (Novoezezrsk) (1532)	0.33
missing	02-04	Venerable Abraham and Coprius, of Pechenga		0.0
missing	02-04	Martyr Jadorus		0.0
present	02-04	Hieromartyr Abramius, Bishop of Arbela in Assyria	Hieromartyr Abramius	1.0
present	02-04	Venerable Nicholas the Confessor, Abbot of Studion	Nicholas the Confessor	1.0
missing	02-04	Saint Evagrisi, disciple of Saint Shio		0.0
missing	02-04	Monastic Martyr Anthony of Kareotis		0.0
missing	02-05	Afterfeast of the Meeting of our Lord in the Temple		0.0
present	02-05	Martyr Agatha of Palermo in Sicily	Holy Martyr Agatha of Palermo in Sicily (251)	1.0
present	02-05	Repose of Saint Theodosius of Chernigov	Repose of St Theodosius, Archbishop of Chernigov (1896)	1.0
missing	02-05	Martyr Theodula of Anazarbus, and the Martyrs Helladius, Macarius and Evagrius, in Cilicia		0.0
missing	02-05	Icon of the Mother of God “Seeker of the Perishing”		0.0
missing	02-05	Icon of the Mother of God “Elets-Chernigov”		0.0
missing	02-05	Icon of the Mother of God “Divnogorsk”		0.0
missing	02-06	Afterfeast of the Meeting of our Lord in the Temple		0.0
present	02-06	Saint Bucolus, Bishop of Smyrna	St Bucolus, Bishop of Smyrna	1.0
present	02-06	Saint Photius, Patriarch of Constantinople	St Photios, patriarch of Constantinople (891)	1.0
present	02-06	Venerable Barsanuphius the Great and John the Prophet	Sts Barsanuphius and John the Prophet, monks of Palestine (6th c.)	1.0
missing	02-06	Virgin Martyr Dorothy at Caesarea, in Cappadocia, and those with her		0.0
missing	02-06	Martyr Julian of Emesa		0.0
missing	02-06	Virgin Martyrs Martha and Mary, and their brother Lycarion, in Egypt		0.0
missing	02-06	Saint Arsenius of Iqalto, Georgia		0.0
missing	02-06	Saint Amand, Abbot of Maastricht		0.0
missing	02-07	Afterfeast of the Meeting of our Lord in the Temple		0.0
present	02-07	Saint Parthenios, Bishop of Lampsakos	St Parthenius, Bishop of Lampsacus	1.0
probable	02-07	Venerable Luke of Hellas	Our Venerable Father Luke the New of Mount Stirion (ca. 950)	0.5
missing	02-07	1,003 Martyrs of Nicomedia		0.0
missing	02-07	Martyr Aule		0.0
present	02-08	Sunday of the Prodigal Son	Sunday of the Prodigal Son	1.0
missing	02-08	Afterfeast of the Meeting of our Lord in the Temple		0.0
present	02-08	Greatmartyr Theodore Stratelates “the General”	Greatmartyr Theodore Stratelates	1.0
missing	02-08	Prophet Zachariah		0.0
present	02-08	Saint Sava II, Archbishop of Serbia	St Sabbas II, Archbishop of Serbia (1271)	1.0
elsewhere	02-08	Blessed Liubov (Sukhanovskaya) of Ryazan, Fool for Christ	10-02  Bl. Andrew, Fool-for-Christ	0.75
present	02-09	Leavetaking of the Meeting of our Lord in the Temple	Leavetaking of Meeting	1.0
present	02-09	Martyr Nikephoros of Antioch, in Syria	Martyr Nicephorus of Antioch	1.0
present	02-09	Uncovering of the relics of Saint Innocent, Bishop of Irkutsk	Relics of St Innocent of Irkutsk	1.0
probable	02-09	Venerable Pancratius of the Kiev Caves	Markellos, Philagrios, & Pankratios the Hieromartyrs	0.33
probable	02-09	Venerable Nikēphóros of Vazheozersk	Martyr Nicephorus of Antioch	0.5
missing	02-09	Venerable Gennadius of Vazheozersk		0.0
present	02-09	Hieromartyrs Marcellus, Bishop of Sicily, Philagrius, Bishop of Cyprus, and Pancratius, Bishop of Taoromina	Markellos, Philagrios, & Pankratios the Hieromartyrs	1.0
missing	02-09	Venerable Shio Mgvime		0.0
missing	02-09	Virgin Martyr Apollonia		0.0
missing	02-09	Venerable Romanós of Cilicia		0.0
present	02-10	Hieromartyr Haralambos, Bishop of Magnesia in Thessaly, the Martyrs Porphyrius and Baptus, and three women Martyrs	Martyrs Porphyrius and Baptus	1.0
missing	02-10	Synaxis of the Hierarchs of Novgorod, Buried in the Cathedral of the Holy Wisdom (Hagia Sophia) in Novgorod		0.0
missing	02-10	Princess Anna of Novgorod		0.0
present	02-10	Venerable Prochorus of the Kiev Near Caves	Our Venerable Father Prochorus of the Kiev Caves (1107)	1.0
missing	02-10	Venerable Longinus of Koryazhemsk, Vologda		0.0
missing	02-10	Virgin Martyrs Ennatha, Valentina and Paula, of Palestine		0.0
missing	02-10	Icon of the Mother of God “Areovindus”		0.0
missing	02-10	Saint John Chimchimeli the Philosopher		0.0
missing	02-10	Saint Ioannikios, Father Confessor of the Dormition Holy Mountain Hermitage		0.0
present	02-11	Hieromartyr Blaise, Bishop of Sebaste	Hieromartyr Blaise of Sebaste	1.0
missing	02-11	Venerable Demetrios, Wonderworker of Priluki, Vologda		0.0
missing	02-11	Saint Vsevolod (in Baptism Gabriel), Wonderworker of Pskov		0.0
probable	02-11	Righteous Theodora, wife of Emperor Theophilus the Iconoclast	St Theodora the Empress (867)	0.5
elsewhere	02-11	Saint George, New Martyr of Sofia	05-26  Greatmartyr George the New at Sofia	1.0
missing	02-11	Saint Gobnata of Ballyvourney		0.0
present	02-12	Saint Meletius, Archbishop of Antioch	St Meletius, Archbishop of Antioch	1.0
probable	02-12	Saint Alexei, Metropolitan of Moscow, Wonderworker of All Russia	St Aleksy, Metr. of All Russia	0.5
probable	02-12	Saint Meletius, Archbishop of Khar'kov and Akhtyrsk	St Meletius, Archbishop of Antioch	0.5
missing	02-12	Venerable Mary (who was called Marinus), and her father, Venerable Eugene, at Alexandria		0.0
missing	02-12	Saint Anthony, Patriarch of Constantinople		0.0
present	02-12	Saint Kristo the Gardener of Albania	Christos the New Martyr	1.0
missing	02-12	Ivḗron Icon of the Mother of God		0.0
missing	02-12	Saint Prochorus of Georgia		0.0
missing	02-12	Martyr Nicholas (Nikoloz) Dvali in Jerusalem		0.0
missing	02-12	Saint Bassian of Uglich		0.0
missing	02-12	Martyr Luke (Luka) of Jerusalem, the Georgian		0.0
probable	02-13	Saints Martinian, Zoe, and Photina of Caesarea in Palestine	Ven. Martinian of Caesarea	0.67
probable	02-13	Venerable Stephen (in monasticism Simeon), the Myrrhgusher and Prince of Serbia	St Symeon the Myrrh-streamer, founder of the Chilandar Monastery (1200)	0.17
present	02-13	Saint Eulogius, Archbishop of Alexandria	Eulogios, Patriarch of Alexandria	1.0
elsewhere	02-13	Appearance of Christ to Saint Martin of Tours	11-12  Our Father among the Saints Martin, Bishop of Tours (397)	1.0
missing	02-13	Saint Seraphima		0.0
missing	02-13	Saint George, Archbishop of Mogilev, Belarus		0.0
present	02-14	Memorial Saturday of Meatfare	Memorial Saturday	1.0
present	02-14	Venerable Auxentius of Bithynia	Our Holy Father Auxentius (470)	1.0
present	02-14	Repose of Saint Cyril, Equal of the Apostles and Teacher of the Slavs	St Cyril, Teacher of the Slavs	1.0
elsewhere	02-14	Venerable Isaac the Recluse of the Kiev Near Caves	01-29  St Laurence, Recluse of the Kiev Caves	0.75
elsewhere	02-14	12 Greeks who built the Dormition Cathedral in the Kiev Caves, Far Caves, Lavra	08-28  Synaxis of the Kiev Cave Fathers	1.0
elsewhere	02-14	Translation of the Relics of Martyrs Michael and his councilor, Theodore, of Chernígov	09-20  Martyrs Michael and Theodore of Chernigov	1.0
present	02-14	Venerable Maron the Hermit of Syria	Venerable Maron the Hermit of Syria (ca. 423)	1.0
missing	02-14	Saint Abraham, Bishop of Charres, Mesopotamia		0.0
missing	02-14	Saint Hilarion the New of Georgia		0.0
present	02-15	Sunday of Meatfare of the Last Judgment	Sunday of the Last Judgment	1.0
present	02-15	Apostle Onesimus of the Seventy	Apostle Onesimus of the Seventy	1.0
elsewhere	02-15	Venerable Paphnutius the Recluse of the Kiev Caves	08-28  Synaxis of the Kiev Cave Fathers	1.0
missing	02-15	Venerable Paphnutius and Euphrosynē of Alexandria		0.0
present	02-15	Venerable Eusebius the Hermit of Syria	Eusebius the Righteous of Syria	1.0
missing	02-15	Vil'na Icon of the Mother of God		0.0
missing	02-15	Icon of the Mother of God of Dalmatia		0.0
present	02-15	Saint Anthimus of Chios	Our Venerable Father Anthimos of Chios (1960)	1.0
probable	02-16	Martyrs Pamphilius the Presbyter, Valens the Deacon, and those with them, at Caesarea in Palestine	Martyr Pamphylius and His Companions	0.5
missing	02-16	Saint Maruthas, Bishop of Martyropolis in Mesopotamia		0.0
missing	02-16	Persian Martyrs in Martyropolis in Mesopotamia		0.0
missing	02-16	Saint Flavian, Archbishop of Antioch		0.0
missing	02-16	New Martyr Elias		0.0
present	02-17	Great Martyr Theodore the Tyro (Recruit)	Greatmartyr Theodore Tyro	1.0
elsewhere	02-17	Hieromartyr Hermogenes, Patriarch of Moscow, Wonderworker of All Russia	10-09  Repose of St Tikhon, Patriarch of Moscow and All Russia, Confessor (1925)	0.75
probable	02-17	Venerable Theodore the Silent of the Kiev Caves	Greatmartyr Theodore Tyro	0.5
present	02-17	Saint Mariamne the sister of the Apostle Philip	Mariamne, Sister of Apostle Philip, and Equal to the Apostles	1.0
missing	02-17	Uncovering of the relics of the Martyr Menas of Alexandria		0.0
missing	02-17	Weeping “Tikhvin” Icon of the Mother of God on Mount Athos		0.0
missing	02-17	Saint Joseph of Dionysiou		0.0
missing	02-17	Saint Auxibius Bishop of Soli, Cyprus		0.0
present	02-17	New Martyr Theodore	Greatmartyr Theodore Tyro	1.0
missing	02-17	Saint Theodosius the Bulgarian, with his disciple Romanos		0.0
missing	02-17	Saint Nicholas Kandaurov		0.0
missing	02-17	Saint Finan of Lindisfarne		0.0
probable	02-17	Hieromartyr Theodore of Atchara	Greatmartyr Theodore Tyro	0.5
present	02-18	Saint Leo the Great, Pope of Rome	St Leo the Great, Pope of Rome	1.0
missing	02-18	Venerable Cosmas of Yakhrom		0.0
missing	02-18	Saint Agapitos the Confessor and Wonderworker, Bishop of Synnada in Phrygia		0.0
present	02-18	Saint Flavian the Confessor, Patriarch of Constantinople	Flavian the Confessor, Patriarch of Constantinople	1.0
missing	02-18	Saint Nicholas, Catholicos of Georgia		0.0
missing	02-18	Saint Theodore (Komogovin) of Serbia		0.0
missing	02-18	Saint Colman of Lindesfarne		0.0
present	02-19	Apostles of the Seventy Archippus and Philemon, and Martyr Apphia	Apostles of the Seventy Archippus and Philemon	1.0
missing	02-19	Martyrs Maximus, Theodotus, Hesychius, and Asclepiodota, of Adrianopolis		0.0
missing	02-19	Presbyters and Confessors Eugene and Macarius, at Antioch		0.0
missing	02-19	Venerable Dositheus of Palestine, disciple of Venerable Abba Dorotheus		0.0
missing	02-19	Saint Rabulas of Samosata		0.0
missing	02-19	Venerable Theodore of Sanaxar		0.0
missing	02-19	Icon of the Mother of God of Cyprus		0.0
missing	02-19	Venerable Conan, Abbot of the Pethukla Monastery		0.0
probable	02-19	Martyr Philothea the Monastic	Our Venerable Mother Philothea of Athens (1589)	0.5
present	02-20	Saint Leo, Bishop of Catania in Sicily	St Leo, Bishop of Catania	1.0
elsewhere	02-20	Venerable Agathon, Wonderworker of the Kiev Caves	08-28  Synaxis of the Kiev Cave Fathers	1.0
missing	02-20	Beheading of Venerable Cornelius, Abbot of the Pskov Caves		0.0
missing	02-20	Hieromartyr Sadoc (Sadoth), Bishop of Persia, and 128 Martyrs with him		0.0
missing	02-20	Saint Agathon, Pope of Rome		0.0
missing	02-20	Monastic Martyrs of Valaam Monastery		0.0
present	02-21	Saturday of Cheesefare Commemoration of all our God-bearing Fathers and Mothers who shone forth in asceticism	Cheesefare Saturday	1.0
probable	02-21	Venerable Timothy of Symbola in Bithynia	Ven. Timothy of Symbola	0.67
present	02-21	Saint Eustathius, Archbishop of Antioch	St Eustathius, archbishop of Antioch (337)	1.0
missing	02-21	Saint George, Bishop of Amastris on the Black Sea		0.0
missing	02-21	“Kozel'shchansk” Icon of the Mother of God		0.0
present	02-21	Saint John “Scholasticus”, Patriarch of Constantinople	St John the Scholastic, patriarch of Constantinople (577)	1.0
missing	02-21	Saint Zacharias, Patriarch of Jerusalem		0.0
missing	02-21	Saint Makarios of Glinsk Hermitage		0.0
present	02-22	Sunday of Cheesefare: Expulsion of Adam from Paradise	Sunday of Cheesefare: Expulsion of Adam from Paradise	1.0
missing	02-22	Uncovering of the relics of the Holy Martyrs at the Gate of Eugenius at Constantinople		0.0
missing	02-22	Martyrs Maurice and his son, Photinus, and Martyrs Theodore, Philip, and 70 soldiers, at Apamea in Syria		0.0
probable	02-22	Venerable Thalassius, Hermit of Syria	Ven. Thalassius and Baradates, Hermits of Syria	0.67
missing	02-22	Venerable Limnaeus, Hermit of Syria		0.0
probable	02-22	Venerable Baradates, Hermit of Syria	Ven. Thalassius and Baradates, Hermits of Syria	0.67
missing	02-22	Saint Athanasius the Confessor of Constantinople		0.0
missing	02-22	9 Martyred brothers of Kola: Guram, Adarnerse, Baqar, Vache, Bardzim, Dachi, Juansher, Ramaz, and Parsman		0.0
elsewhere	02-22	Finding of the Relics of Saint Tikhon of Moscow	10-05  Ss Peter, Aleksy, Jonah, Philip, Germogen, Metrs. Moscow	1.0
probable	02-23	Beginning of Great Lent	Beginning of the Great Fast	0.5
present	02-23	Hieromartyr Polycarp, Bishop of Smyrna	Hieromartyr Polycarp, Bishop of Smyrna	1.0
probable	02-23	Venerable Polycarp of Briansk	Hieromartyr Polycarp, Bishop of Smyrna	0.5
missing	02-23	Venerable John, Ascetic of the Syrian Deserts		0.0
missing	02-23	Venerable Antiochus and Antoninus, ascetics of the Syrian Deserts		0.0
missing	02-23	Venerable Moses, Ascetic of the Syrian Deserts		0.0
missing	02-23	Venerable Zebinas, Ascetic of the Syrian Deserts		0.0
missing	02-23	Venerable Polychronius, Ascetic of the Syrian Deserts		0.0
probable	02-23	Venerable Damian, Ascetic of the Syrian Deserts	Damian the New Martyr of Mount Athos	0.33
present	02-23	Venerable Alexander, founder of the Monastery of the “Unsleeping Ones”	Our Venerable Father Alexander the Unsleeping (430)	1.0
present	02-23	Venerable Damian of Esphigmenou of Mount Athos	Damian the New Martyr of Mount Athos	1.0
probable	02-23	Monastic Martyr Damian of Philotheou	Damian the New Martyr of Mount Athos	0.33
missing	02-23	New Hieromartyr Nicholas (Dmitrov) of Tver		0.0
present	02-23	Saint Gorgonia, Sister of Saint Gregory the Theologian	Saint Gorgonia (372)	1.0
present	02-24	First and second finding of the Honorable Head of the Holy Glorious Prophet, Forerunner, and Baptist of the Lord, John	1st and 2nd Finding Honorable Head of St John the Baptist	1.0
missing	02-24	Venerable Erasmus of the Kiev Near Caves		0.0
present	02-25	Saint Tarasius, Archbishop of Constantinople	St Tarasius, Abp. of Constantinople	1.0
present	02-26	Saint Porphyrius, Bishop of Gaza	St Porphyrius, Bishop of Gaza	1.0
missing	02-26	Venerable Sebastian of Poshekhonye		0.0
missing	02-26	Martyr Christodoulos		0.0
missing	02-26	New Martyr John Kalphes, the Apprentice		0.0
missing	02-26	“Mezhetsk” Icon of the Mother of God		0.0
present	02-27	Repose of Saint Raphael, Bishop of Brooklyn	St Raphael Bishop of Brooklyn	1.0
present	02-27	Venerable Prokopios the Confessor of Decapolis	Our Holy Father Procopius of Decapolis (9th c.)	1.0
present	02-27	Venerable Titus the Presbyter of the Kiev Near Caves	Our Venerable Father Titus of the Lavra of the Kiev Caves (1190)	0.75
present	02-27	Venerable Titus the Soldier, of the Kiev Caves	Our Venerable Father Titus of the Lavra of the Kiev Caves (1190)	0.75
missing	02-27	Venerable Thalelaios the Hermit of Syria		0.0
missing	02-27	Saints Asclepius and James of Syria		0.0
present	02-27	Saint Stephen of Constantinople	Stephen the Monk	1.0
missing	02-27	Martyrs Julian, Eunos, Beza, and Mekaro of Alexandria		0.0
present	02-27	Saint Leander of Seville	Our Holy Father Leander, Bishop of Seville and Apostle of Spain (600)	1.0
probable	02-28	1st Saturday of Great Lent: The Miracle of the Boiled Wheat	First Saturday of Lent	0.67
probable	02-28	Venerable Basil the Confessor, companion of Venerable Procopius at Decapolis	Ven. Basil the Confessor	0.5
present	02-28	Blessed Nicholas (Salos) of Pskov the Fool-For-Christ	Blessed Nicholas of Pskov, fool for Christ (1576)	1.0
missing	02-28	Hieromartyr Proterius, Patriarch of Alexandria		0.0
missing	02-28	Hieromartyr Nestor, Bishop of Magydos in Pamphylia		0.0
missing	02-28	Venerable Marina and Kyra of Syria		0.0
elsewhere	02-28	Venerable Domnica (Domnina) of Syria	01-08  Our Venerable Mother Domnica (Domnina) (ca. 474)	1.0
present	02-28	Venerable John Cassian the Roman	Righteous John Cassian the Confessor	1.0
probable	02-28	Venerable John-Barsanuphius, Bishop of Damascus	Righteous John Cassian the Confessor	0.5
missing	02-28	Heiromartyr Theokteristus		0.0
missing	02-28	Saint Leo of Cappadocia		0.0
missing	02-28	Saint Meletius, Archbishop of Khar'kov and Akhtyrsk		0.0
missing	02-28	Saint Germanus of Dacia Pontica (Dobrogea)		0.0
missing	02-28	Devpeteruv Icon of the Mother of God		0.0
present	03-01	1st Sunday of Great Lent: Sunday of Orthodoxy	Sunday of Orthodoxy	1.0
missing	03-01	Martyr Eudokia of Heliopolis		0.0
missing	03-01	Venerable Martyrius of Zelenets, Pskov		0.0
missing	03-01	Martyrs Nestor, Tribimius, and those with them		0.0
missing	03-01	Martyr Antonina of Nicea, in Bithynia		0.0
missing	03-01	Martyrs Marcellus and Anthony of Syria		0.0
missing	03-01	Saint Domnina the Younger of Syria		0.0
missing	03-01	Venerable Agapius of Vatopedi		0.0
present	03-01	Saint David, Bishop of Wales	David the Archbishop	1.0
present	03-02	Hieromartyr Theodotus, Bishop of Cyrenia	Hieromartyr Theodotus, Bishop of Cyrenia	1.0
present	03-02	Saint Arsenius, Bishop of Tver	St Arseny, Bishop of Tver	1.0
present	03-02	Virgin Martyr Euthalia of Sicily	Holy Martyr Euthalia (257)	1.0
missing	03-02	Martyr Troadius of Neocaesarea		0.0
missing	03-02	Venerable Agathon of Egypt		0.0
missing	03-02	400 Martyrs slain by the Lombards in Sicily		0.0
missing	03-02	Saint Sabbatius of Tver		0.0
missing	03-02	“Reigning” Icon of the Mother of God		0.0
missing	03-02	Venerable Joachim of Ithaka		0.0
present	03-03	Martyrs Eutropius, Cleonicus, and Basiliscus of Amasea	Martyrs Eutropius, Cleonicus and Basiliscus	1.0
missing	03-03	Saint Piamoun		0.0
missing	03-03	Saints Zenon and Zoilus		0.0
missing	03-03	Icon of the Mother of God of Volokolamsk		0.0
missing	03-03	Saint John (Chrysostom) IV, Catholicos of Georgia		0.0
missing	03-03	Venerable Shio Mgvime		0.0
present	03-04	Venerable Gerasimus of the Jordan	Ven. Gerasimus of the Jordan	1.0
probable	03-04	Venerable Gerasimus of Vologda	Ven. Gerasimus of the Jordan	0.5
missing	03-04	Venerable Joasaph of Snetogorsk, Pskov		0.0
probable	03-04	Right-believing Prince Basil (Vasilko) of Rostov	Rt. Blv. Prince Daniel of Moscow	0.25
present	03-04	Right-believing Prince Daniel of Moscow	Rt. Blv. Prince Daniel of Moscow	0.75
present	03-04	Martyrs Paul and his sister, Juliana	Paul & his sister Juliana and their Companions	1.0
probable	03-04	Saint James the Faster of Phoenicia, Syria	St James the Faster of Phoenecia (6th c.)	0.67
probable	03-04	Right-believing Prince Wenceslas of the Czech Lands	Rt. Blv. Prince Daniel of Moscow	0.25
missing	03-04	Saint Gregory, Bishop of Constantia, Cyprus		0.0
missing	03-04	Martyr Vyacheslav (Leontiev), the Priest		0.0
present	03-05	Martyr Conon of Isauria	Martyr Conon of Isauria	1.0
elsewhere	03-05	Finding of the relics of Saint Theodore, Prince of Smolensk and Yaroslavl, and his children	09-19  Rt. Blv. Theodore, Prince of Smolensk, and his sons Ss David and Constantine of Yaroslavl	0.8
missing	03-05	Monastic Martyr Adrian of Poshekhonye, Yaroslavl		0.0
missing	03-05	Martyr Onesimus of Isauria		0.0
present	03-05	Martyr Conon the Gardener of Pamphylia	Conon the Gardener	1.0
missing	03-05	Virgin Martyr Irais (Rhais) of Antinoe in Egypt		0.0
present	03-05	Martyr Eulogius of Palestine	Eulogios the Martyr	1.0
missing	03-05	Martyr Eulampius of Palestine		0.0
present	03-05	Saint Mark the Ascetic of Egypt	St Mark the Ascetic (5th c.)	1.0
missing	03-05	Saint Hesychius the Faster of Bithynia		0.0
missing	03-05	Icon of the Mother of God “The Nurturer”		0.0
missing	03-05	Saint John, New Martyr of Bulgaria		0.0
missing	03-06	42 Martyrs of Ammoria in Phrygia		0.0
present	03-06	Uncovering of the Precious Cross and the Precious Nails by Empress Saint Helen in Jerusalem	Finding the Precious Cross by St. Helen	1.0
missing	03-06	Monastic Martyrs Conon and his son, Conon, of Iconium		0.0
missing	03-06	Venerable Arcadius of Cyprus		0.0
missing	03-06	Icon of the Mother of God “the Blessed Heaven”		0.0
missing	03-06	“Czestochowa” Icon of the Mother of God		0.0
present	03-07	2nd Saturday of Great Lent: Memorial Saturday	Memorial Saturday	1.0
missing	03-07	The Holy Hieromartyrs of Cherson: Basil, Ephraim, Capito, Eugene, Aetherius, Elpidius, and Agathodorus		0.0
present	03-07	Venerable Paul the Simple, disciple of Venerable Anthony the Great	Paul the Simple	1.0
probable	03-07	Saint Paul the Confessor, Bishop of Plousias in Bithynia	Paul the Simple	0.5
missing	03-07	Saint Emilian of Rome		0.0
missing	03-07	Icon of the Mother of God “the Surety of sinners” of Odrino, Orlov		0.0
probable	03-08	2nd Sunday of Great Lent: St Gregory Palamas	St Gregory Palamas, Archbishop of Thessalonica	0.67
elsewhere	03-08	Synaxis of the Venerable Fathers of the Kiev Caves Lavra	02-27  Our Venerable Father Titus of the Lavra of the Kiev Caves (1190)	1.0
present	03-08	Saint Theophylactus, Bishop of Nicomedia	St Theophylactus, Bishop of Nicomedia	1.0
missing	03-08	Venerable Lazarus of Murom		0.0
missing	03-08	Venerable Athanasius of Murom		0.0
elsewhere	03-08	Apostle Hermes of the Seventy	04-08  Apostles of the Seventy Herodion, Agabus, Asyncritus, Rufuf, Phlegon, Hermes	1.0
missing	03-08	Hieromartyr Theodoritus of Antioch		0.0
present	03-08	Venerable Dometius	Dometios the Righteous	1.0
missing	03-08	Kursk Root Icon of the Mother of God “of the Sign”		0.0
present	03-08	Saint Felix of Burgundy, Bishop of Dunwich, Enlightener of East Anglia	Felix of Burgundy, Enlightener of East Anglia	1.0
missing	03-09	40 Holy Martyrs of Sebaste		0.0
missing	03-09	Martyr Urpasianus of Nicomedia		0.0
present	03-09	Saint Caesarius, brother of Saint Gregory the Theologian	St Caesarius (369)	1.0
missing	03-09	Righteous Tarasius of Liconium		0.0
missing	03-09	Icon of the Mother of God, “Albazin” or “The Word was made Flesh”		0.0
missing	03-09	Venerable Vitalius of Castronovo		0.0
probable	03-10	Martyr Quadratus and those with him at Corinth	Martyr Quadratus and Companions	0.5
probable	03-10	Martyr Quadratus and those with him at Nicomedia	Martyr Quadratus and Companions	0.5
present	03-10	Saint Anastasia the Patrician of Alexandria	Our Holy Mother Anastasia (563)	1.0
missing	03-10	Saint John of Khakhuli the Oqropiri, also called Chrysostom		0.0
present	03-10	Saint Michael the New Martyr	Michael Mauroudes the New-Martyr	1.0
present	03-11	Saint Sophronius, Patriarch of Jerusalem	St. Sophronius, Patriarch of Jerusalem	1.0
present	03-11	Saint Euthymius, Bishop of Novgorod	St Euthymius, Bishop of Novgorod	1.0
present	03-11	Hieromartyrs Pionius and Limnus of Smyrna and those with them: Asclepiades, Macedonia, and Sabina	Holy Martyr Pionius (250)	1.0
missing	03-11	Translation of the relics of the Martyr Epimachus of Pelusium		0.0
probable	03-11	Saint Sophronius, Bishop of Vratcha, Bulgaria	St. Sophronius, Patriarch of Jerusalem	0.5
probable	03-11	Venerable Sophronius the Recluse of the Kiev Caves	St. Sophronius, Patriarch of Jerusalem	0.5
probable	03-12	Venerable Theophanes the Confessor of Sigriane	Ven. Theophanes the Confessor	0.5
present	03-12	Righteous Phineas the grandson of Aaron	Phineas, grandson of Prophet Aaron	1.0
present	03-12	Saint Gregory Dialogus, Pope of Rome	St Gregory the Great (the Dialogist), Pope of Rome (604)	0.75
present	03-12	Venerable Simeon the New Theologian	Repose of St Symeon the New Theologian (1021)	1.0
missing	03-12	Icon of the Mother of God Icon “Not Made by Hands” from Lydda		0.0
missing	03-12	Righteous King Demetrius Tavdadebuli of Georgia		0.0
missing	03-12	Hieromartyr Kirion II, Catholicos-Patriarch of All Georgia		0.0
probable	03-13	Translation of the relics of Saint Nikephoros, Patriarch of Constantinople	Trans. Rel. Nicephorus, Patr. Constantinopole	0.5
missing	03-13	Martyr Sabinus (Abibus) of Egypt		0.0
elsewhere	03-13	Martyrs Africanus, Publius, and Terence, of Carthage	04-10  Martyrs Terence, Pompeius, Africanus and Companions	0.75
missing	03-13	Hieromartyr Publius, Bishop of Athens		0.0
missing	03-13	Martyr Alexander of Macedonia		0.0
present	03-13	Martyr Christina of Persia	Christina the Martyr of Persia	1.0
missing	03-13	Venerable Aninas of the Euphrates		0.0
present	03-14	3rd Saturday of Great Lent: Memorial Saturday	Memorial Saturday	1.0
present	03-14	Venerable Benedict of Nursia	Ven. Benedict of Nursia	1.0
present	03-14	Saint Theognostus, Metropolitan of Kiev and All Russia	St Theognostus, Metropolitan of Kiev (1353)	1.0
missing	03-14	Right-believing Great Prince Rostislav-Michael, Prince of Kiev		0.0
missing	03-14	Saint Euschemon the Confessor, Bishop of Lampsacus		0.0
missing	03-14	Icon of the Mother of God of Saint Theodore		0.0
probable	03-15	3rd Sunday of Great Lent: Veneration of the Cross	Veneration of the Precious Cross	0.67
present	03-15	Martyrs Agapius, Publius, Timolaus, Romulus, two named Dionysius, and two named Alexander, at Caesarea in Palestine	Holy Martyr Alexander (270-275)	1.0
present	03-15	Hieromartyr Alexander of Sίdē, in Pamphylia	Holy Martyr Alexander (270-275)	1.0
missing	03-15	Martyr Nicander of Egypt		0.0
present	03-16	Martyr Sabinus of Egypt	Martyr Sabinas of Egypt	1.0
missing	03-16	Martyr Papas of Lyconia		0.0
missing	03-16	Saint Serapion, Archbishop of Novgorod		0.0
present	03-16	Apostle Aristobulus of the Seventy, Bishop of Britain	Holy Apostle Aristobulus of the Seventy, first Bishop of Britain (1st c.)	1.0
elsewhere	03-16	Hieromartyr Alexander, Pope of Rome	05-13  Holy Martyr Alexander of Rome (298)	1.0
present	03-16	Martyr Julian of Anazarbus	Julian the Martyr	1.0
missing	03-16	Hieromartyrs Trophimus and Thalus of Laodicea		0.0
missing	03-16	Saints Pimen of Salosi and Anton Meskhi, Enlighteners of Dagestan and the North Caucasus people		0.0
present	03-16	Saint Christódoulos, Wonderworker of Patmos	Our Holy Father Christodoulos, Wonderworker of Patmos (1111)	1.0
missing	03-16	Saint Ambrose the Confessor		0.0
missing	03-16	Saint Demetrius the Devoted, King of Georgia		0.0
present	03-17	Venerable Alexis the Man of God	Ven. Alexius the Man of God	1.0
probable	03-17	Venerable Macarius the Wonderworker, Abbot of Kalyazin	Ven. Makary of Kalyazinsk	0.5
present	03-17	Martyr Marinus	Marinos the Martyr	1.0
present	03-17	Saint Patrick, Bishop of Armagh, Enlightener of Ireland	St Patrick, Enlightener of Ireland (ca. 461)	1.0
missing	03-17	Hieromartyr Gabriel the Lesser		0.0
probable	03-18	Repose of Saint Nikolai of Zhicha	Saint Nikolai (Velimirovic), Bishop of Ochrid and Zica, Serbia (1956)(March 5 OC)	0.5
present	03-18	Saint Cyril, Archbishop of Jerusalem	St Cyril, Archbishop of Jerusalem	1.0
missing	03-18	Martyrs Trophimus and Eucarpus of Nicomedia		0.0
probable	03-18	Venerable Aninas of the Euphrates	St Ananias (Aninus) the Wonderworker (?)	0.5
probable	03-18	Saint Cyril of Astrakhan	St Cyril, Archbishop of Jerusalem	0.5
present	03-19	Martyrs Chrysanthus and Daria, and those with them at Rome	Martyrs Chrysanthius and Daria	1.0
missing	03-19	Saint Innocent of Komél and Vologda disciple of Saint Nilus of Sora		0.0
missing	03-19	Martyr Pancharius at Nicomedia		0.0
missing	03-19	Icon of the Mother of God of Lubyatov		0.0
missing	03-19	“Sweet-Kissing” Icon of the Mother of God of Smolensk		0.0
present	03-20	Martyred Holy Fathers who were slain at the Monastery of Saint Savva	Holy Fathers Slain at St Sabbas Monastery	1.0
missing	03-20	Monastic Martyr Euphrosynus of Blue Jay Lake, Novgorod		0.0
present	03-20	Martyr Photini the Samaritan Woman, her sons, and those with them	St Photine the Samaritan Woman (66)	1.0
elsewhere	03-20	Virgin Martyrs Alexandria, Claudia, Euphrasia, Matrona, Juliana, Euphemia, and Theodora	12-03  Theodore, Archbishop of Alexandria	1.0
missing	03-20	Saint Nikḗtas the Confessor, Archbishop of Apollonias in Bithynia		0.0
probable	03-20	Saint Cuthbert, Wonderworker of Britain	St Cuthbert the Wonderworker, Bishop of Lindisfarne (687)	0.5
present	03-20	New Martyr Myron of Crete	Myron the New Martyr of Crete	1.0
present	03-21	4th Saturday of Great Lent: Memorial Saturday	Memorial Saturday	1.0
present	03-21	Saint James the Confessor, Bishop of Catania	St James the Confessor of Catania	1.0
missing	03-21	Saint Cyril, Bishop of Catania		0.0
present	03-21	Saint Thomas, Patriarch of Constantinople	Thomas I, Patriarch of Constantinople	1.0
elsewhere	03-21	Venerable Seraphim of Vyritsa	04-03  Saint Seraphim of Vyritsa (1949) (March 21 OC)	1.0
present	03-21	Saint Serapion, Bishop of Thmuis in Lower Egypt	Our Holy Father Serapion (366)	1.0
probable	03-22	4th Sunday of Great Lent: St John Climacus (of the Ladder)	Fourth Sunday of Lent	0.67
present	03-22	Hieromartyr Basil of Ancyra	Hieromartyr Basil of Ancyra	1.0
missing	03-22	Martyr Drosίs, daughter of Emperor Trajan		0.0
elsewhere	03-22	Venerable Isaac the Confessor, Founder of the Dalmatian Monastery at Constantinople	05-30  Ven. Isaac, Founder of Dalmatian Monastery	1.0
missing	03-22	Monastic Martyr Euthymius of Prodromou, Mount Athos		0.0
present	03-22	Martyrs Kalliniki and Basilissa	Kalliniki & Vassilisa the Martyrs	1.0
present	03-23	Martyr Nikon and 199 disciples with him in Sicily	Martyr Nikon and 199 Disciples	1.0
probable	03-23	Venerable Nikon, Abbot of the Kiev Far Caves	Martyr Nikon and 199 Disciples	0.5
missing	03-23	Martyr Philetus the Senator, his wife and sons, and those with them in Illyria		0.0
missing	03-23	Righteous Basil of Mangazea in Siberia		0.0
missing	03-23	Monastic Martyr Luke of Saint Anne’s Skete on Mount Athos and Odrin		0.0
missing	03-23	Venerable Sergius (Srebryansky), the New Confessor of Tver		0.0
present	03-24	Forefeast of the Annunciation	Forefeast of Annunciation	1.0
present	03-24	Venerable Zachariah the Recluse	Ven. Zachariah the Recluse	1.0
present	03-24	Saint Artemon, Bishop of Seleucia	Righteous Artemon, Bishop of Seleucia	1.0
probable	03-24	Venerable Zachariah the Ascetic of the Kiev Caves	Ven. Zachariah the Recluse	0.33
missing	03-24	Martyr Stephen of Kazan		0.0
missing	03-24	Martyr Peter of Kazan		0.0
missing	03-24	Icon of the Mother of God of “the Uncut Mount” or “Clouded Mountain”		0.0
present	03-25	The Annunciation of our Most Holy Lady, the Theotokos and Ever-Virgin Mary	Annunciation Most Holy Theotokos	1.0
present	03-26	Leavetaking of the Annunciation	Leavetaking of Annunciation	1.0
present	03-26	Synaxis of the Archangel Gabriel	Synaxis of Archangel Gabriel	1.0
missing	03-26	Hieromartyr Irenaeus, Bishop of Sirmium		0.0
missing	03-26	26 Martyrs in the Crimea		0.0
missing	03-26	Saint Malchus of Chalcis, Syria		0.0
missing	03-26	Venerable Basil the New, Anchorite, Near Constantinople		0.0
missing	03-26	Martyr Montanus the Presbyter of Singidunum, and his wife Maxima		0.0
elsewhere	03-26	New Martyr George of Sofia	05-26  Greatmartyr George the New at Sofia	1.0
present	03-27	Martyr Matrona of Thessalonica	Martyr Matrona of Thessalonica	1.0
missing	03-27	Martyrs Manuel and Theodosius		0.0
missing	03-27	Venerable John the Clairvoyant, Anchorite, of Egypt		0.0
missing	03-27	Icon of the Mother of God of Mount Athos, “Sweet Kissing”		0.0
missing	03-27	Icon of the Mother of God “of the Akathist”		0.0
missing	03-27	Prophet Hanani		0.0
present	03-28	5th Saturday of Great Lent: of the Akathist to the Theotokos	Saturday of the Akathist to the Most-Holy Theotokos	0.75
probable	03-28	Venerable Hilarion the New, Abbot of Pelekete	Ven. Hilarion the New	0.5
present	03-28	Venerable Stephen, Wonderworker, Abbot of Triglia	Stephen the Wonderworker	1.0
missing	03-28	Monastic Martyr Eustratius of the Kiev Near Caves		0.0
probable	03-28	Venerable Hilarion of Pskov, Lake Gdov	Ven. Hilarion the New	0.5
missing	03-28	Martyred brothers Barachisius and Jonah, and those with them, in Persia		0.0
missing	03-28	Martyr Boyan, Prince of Bulgaria		0.0
missing	03-28	Venerable John, Bishop of Manglisi		0.0
missing	03-28	Saint Hesychios the Presbyter of Jerusalem		0.0
present	03-29	5th Sunday of Great Lent: St Mary of Egypt	St Mary of Egypt	1.0
present	03-29	Hieromartyr Mark, Bishop of Arethusa, who suffered under Julian the Apostate	Hieromartyr Mark, Bishop of Arethusa	1.0
elsewhere	03-29	Martyr Cyril the Deacon of Heliopolis, and those with him, who suffered under Julian the Apostate	12-04  Juliana the Martyr of Heliopolis	1.0
probable	03-29	Venerable John the Anchorite of Egypt	Our Holy Father John the Hermit (4th c.)	0.5
present	03-29	Saint Eustathius (Eustace) the Confessor, Bishop of Bithynia	Eustathios the Confessor, Bishop of Bithynia	1.0
probable	03-29	Venerable Mark, Jonah, and Bassa of the Pskov Caves	Hieromartyr Mark, Bishop of Arethusa	0.5
missing	03-29	Saint Nikḗtas of the Roslavl Forests		0.0
probable	03-30	Venerable John Climacus of Sinai, Author of “the Ladder”	Ven. John Climacus	0.67
missing	03-30	Saint Sophronius, Bishop of Irkutsk		0.0
missing	03-30	Prophet Joad		0.0
missing	03-30	Apostle Sosthenes of the Seventy		0.0
missing	03-30	Apostle Apollos of the Seventy		0.0
missing	03-30	Apostle Cephas of the Seventy		0.0
missing	03-30	Apostle Caesar of the Seventy		0.0
missing	03-30	Apostle Epaphroditus of the Seventy		0.0
missing	03-30	Saint Euboula, mother of Saint Panteleimon		0.0
probable	03-30	Venerable John the Silent of Saint Savva Monastery	Ven. John Climacus	0.33
missing	03-30	Saint Zosimus, Bishop of Syracuse		0.0
missing	03-30	The Meeting of the Mother of God and Saint Elizabeth		0.0
present	03-31	Repose of Saint Innocent, Metropolitan of Moscow, Enlightener of the Aleuts, Apostle to the Americas	Repose St Innocent, Metr. Moscow and Apostle to Americas	0.75
present	03-31	Saint Hypatius the Wonderworker, Bishop of Gangra	Hieromartyr Hypatius, Bishop of Gangra (326)	1.0
present	03-31	Repose of Saint Jonah, Metropolitan of Moscow and All Russia	St Jonah, Metropolitan of Moscow (1461)	1.0
probable	03-31	Venerable Hypatius the Healer of the Kiev Caves	Hieromartyr Hypatius, Bishop of Gangra (326)	0.5
missing	03-31	Venerable Apollonius, Ascetic, of Egypt		0.0
elsewhere	03-31	Hieromartyr Avdas, Bishop of Persia, and Martyr Benjamin the Deacon	10-13  Benjamin the Deacon	1.0
probable	03-31	Venerable Hypatius, Abbot of Rufinus in Chalcedon	Hieromartyr Hypatius, Bishop of Gangra (326)	0.5
missing	03-31	Appearance of the Ivḗron Icon of the Mother of God		0.0
present	03-31	Saint Acacius the Confessor	Akakios the Confessor	1.0
missing	03-31	Righteous Joseph the Patriarch		0.0
present	04-01	Venerable Mary of Egypt	Ven. Mary of Egypt	1.0
present	04-01	Venerable Euthymius of Suzdal	Ven. Euthymius of Suzdal	1.0
missing	04-01	Martyr Abraham of Bulgaria		0.0
probable	04-01	Venerable Gerontius the Canonarch of the Kiev Far Caves	Martyrs Gerontius and Basilides	0.5
missing	04-01	Venerable Makarios, Igoumen of Pelēketḗ		0.0
present	04-01	Martyrs Gerontius and Basilides	Martyrs Gerontius and Basilides	1.0
missing	04-01	Righteous Achaz (Ahaz)		0.0
elsewhere	04-01	Saint John Shavteli, Bishop of Gaenati and Saint Eulogius, Prophet and Fool-for-Christ of Salosi	10-02  Bl. Andrew, Fool-for-Christ	0.75
missing	04-01	Venerable Barsanuphius of Optina		0.0
present	04-02	Venerable Titus the Wonderworker	Ven. Titus the Wonderworker	1.0
present	04-02	Martyrs Amphianus and Edesius of Lycia	Holy Martyrs Amphianus and Aedesius (ca. 306)	1.0
missing	04-02	Martyr Polycarp of Alexandria		0.0
missing	04-02	Saint George Matskevereli of Georgia		0.0
elsewhere	04-02	Virgin Martyr Theodora of Tyre	02-17  Greatmartyr Theodore Tyro	1.0
probable	04-03	Venerable Niketas the Confessor, Abbot of Medikion	Ven. Nicetas the Confessor	0.5
missing	04-03	Holy Virgin Martyr Theodosίa of Tyre		0.0
present	04-03	Martyr Irene	Theodosia and Irene the Martyrs	1.0
missing	04-03	Saint Illyricus of Mount Myrsinon in the Peloponnesus		0.0
missing	04-03	Martyrs Elpidephorus, Dius, Bithonius, and Galycus		0.0
missing	04-03	“Unfading Flower” Icon of the Mother of God		0.0
present	04-04	The Raising of Lazarus (Lazarus Saturday)	Lazarus Saturday	1.0
present	04-04	Venerable Joseph the Hymnographer	Ven. Joseph the Hymnographer	1.0
present	04-04	Venerable George of Mount Maleon in the Peloponnesus	George the Righteous of Maleon	1.0
probable	04-04	Venerable Joseph the Much-Ailing, of the Kiev Far Caves	Ven. Joseph the Hymnographer	0.33
probable	04-04	Venerable Zosimas, Abbot of Vorbozomsk	St Zosimas, monk, of Palestine (523)	0.5
present	04-04	Venerable Zosimas of Palestine	St Zosimas, monk, of Palestine (523)	1.0
missing	04-04	Virgin Martyr Pherbutha (Phermoutha) of Persia, with her sister, and servant		0.0
missing	04-04	New Martyr Niketas of Pojani and Serres		0.0
missing	04-04	Saint Isidore, Bishop of Seville		0.0
present	04-04	Venerable Theonas, Archbishop of Thessalonica	Theonas, Archbishop of Thessaloniki, Founder and Renovator of the Sacred Monastery of Saint Anastasia of Pharmakolytria, Halkidiki	1.0
probable	04-04	Saint George Mtsire of Georgia	George the Righteous of Maleon	0.5
missing	04-04	Gerontissa Icon of the Mother of God		0.0
missing	04-04	The Life Giving Fountain of the Mother of God		0.0
missing	04-04	“Deliverer” Icon of the Mother of God		0.0
present	04-05	Entry of Our Lord into Jerusalem (Palm Sunday)	Palm Sunday: Entrance of Our Lord into Jerusalem	0.83
probable	04-05	Martyrs Agathopodes the Deacon and Theodulus the Reader at Thessalonica	Martyrs Agathopedes, Theodulus and Their Companions	0.25
missing	04-05	Venerable Publius of Egypt		0.0
missing	04-05	Saint Theonas of Egypt		0.0
missing	04-05	Saint Simeon of Egypt		0.0
missing	04-05	Saint Phorbinus of Egypt		0.0
probable	04-05	Venerable Mark the Anchorite of Athens	Our Holy Father Mark of Trache (ca. 400)	0.5
missing	04-05	Saint Plato the Confessor of Studion		0.0
present	04-05	Venerable Theodora of Thessalonica	Theodora the Righteous of Thessaloniki	1.0
elsewhere	04-05	Translation of the relics of Saint Job, Patriarch of Moscow and All Russia	10-09  Repose of St Tikhon, Patriarch of Moscow and All Russia, Confessor (1925)	0.75
missing	04-05	Icon of the Mother of God of Kasperov		0.0
missing	04-05	Martyr Claudius and those with him		0.0
missing	04-05	Martyr Hypomone		0.0
present	04-06	Great and Holy Monday	Great and Holy Monday	1.0
present	04-06	Saint Eutychius, Patriarch of Constantinople	St Eutychius, patriarch of Constantinople (582)	1.0
present	04-06	Saint Methodius, Equal of the Apostles, Archbishop of Moravia, Enlightener of the Slavs	St Methodius, Enlightener of the Slavs	1.0
present	04-06	Saint Platonis of Nisibis, Syria	Platonis the Nun of Nisibis	1.0
missing	04-06	120 Martyrs of Persia		0.0
missing	04-06	Martyrs Jeremiah and Presbyter Archilias		0.0
missing	04-06	Venerable Gregory the Byzantine		0.0
missing	04-06	Monastic Martyr Gennadios of Dionysiou on Mount Athos		0.0
present	04-07	Great and Holy Tuesday	Great and Holy Tuesday	1.0
present	04-07	Repose of Saint Tikhon, Patriarch of Moscow, Enlightener of North America	Repose St. Tikhon, Patriarch of Moscow, Enlightener N. America	1.0
present	04-07	Saint George the Confessor, Bishop of Mytilene	St George the Confessor, bishop of Mitylene (ca. 820)	1.0
missing	04-07	Venerable Daniel, Abbot of Pereslavl-Zalessky		0.0
probable	04-07	Martyr Calliopius at Pompeiopolis in Cilicia	Holy Martyr Calliopius, with his mother Theoclea (304)	0.5
missing	04-07	Martyrs Rufinus the Deacon, Aquilina, and 200 soldiers with them at Sinope		0.0
missing	04-07	Venerable Serapion of Egypt		0.0
present	04-08	Great and Holy Wednesday	Great and Holy Wednesday	1.0
probable	04-08	Apostle Herodion of the Seventy, and those with Him	Apostles of the Seventy Herodion, Agabus, Asyncritus, Rufuf, Phlegon, Hermes	0.67
missing	04-08	Saint Niphon, Bishop of Novgorod		0.0
present	04-08	Venerable Rufus the Obedient of the Kiev Far Caves	Rufus the Obedient of the Kiev Caves	1.0
missing	04-08	Martyr Pausilippus of Heraclea in Thrace		0.0
present	04-08	Saint Celestine, Pope of Rome	Saint Celestine, Pope of Rome (432)	1.0
missing	04-08	“Spanish” Icon of the Mother of God		0.0
present	04-09	Great and Holy Thursday	Great and Holy Thursday	1.0
present	04-09	Martyr Eupsychius of Caesarea, in Cappadocia	Martyr Eupsychius of Caesarea in Cappadocia	1.0
missing	04-09	Hieromartyr Desan, Bishop in Persia, and 272 others with him		0.0
present	04-09	Monastic Martyr Bademus (Vadim) of Persia	Vadim the Righteous of Persia	1.0
missing	04-09	Saint Eleni (also called Susanna), New Martyr of Lesbos		0.0
greek	04-09	New Martyrs Raphael, Nicholas, and Irene of Lesbos	Raphael, Nicholas, Irene, & Olympias of Mytilene	0.75
present	04-10	Great and Holy Friday	Great and Holy Friday	1.0
probable	04-10	Martyr Terence and 40 others beheaded at Carthage	Martyrs Terence, Pompeius, Africanus and Companions	0.25
elsewhere	04-10	Martyrs James (Jacob) the Presbyter, and Azadanes and Abdicius, Deacons, of Persia	11-27  Greatmartyr Jacob of Persia	0.75
missing	04-10	Martyrs of the Kvabtakhevi Monastery in Georgia		0.0
present	04-10	Hieromartyr Patriarch Gregory V of Constantinople	New Hieromartyr Gregory, Patriarch of Constantinople (1821)	1.0
present	04-11	Great and Holy Saturday	Great and Holy Saturday	1.0
present	04-11	Hieromartyr Antipas, Bishop of Pergamum and Disciple of Saint John the Theologian	Hieromartyr Antipas, Bishop of Pergamum	1.0
missing	04-11	Venerable James, Abbot of Zheleznoborov		0.0
elsewhere	04-11	Saint Barsanuphius, Bishop of Tver	10-04  Unc. Rel. Gurias of Kazan and Varsanuphy of Tver	1.0
present	04-11	Martyrs Processus and Martinian of Rome	Holy Martyrs Processus and Martinian (1st c.)	1.0
present	04-11	Venerable Pharmuthius the Anchorite of Egypt	Pharmuthios the Anchorite	1.0
elsewhere	04-11	Venerable John, disciple of Venerable Gregory of Decapolis	04-18  Ven. John, Disciple of Gregory Decapolites	1.0
missing	04-11	Saint Callinicus of Cernica, Bishop of Rimnicului in Romania		0.0
present	04-12	HOLY PASCHA: The Resurrection of Our Lord	Holy Pascha	1.0
present	04-12	Saint Basil the Confessor, Bishop of Parium	St Basil the Confessor, Bishop of Parium	1.0
missing	04-12	Hieromartyr Zeno, Bishop of Verona		0.0
present	04-12	Saint Isaac the Syrian, Abbot of Spoleto	St Isaac the Syrian, abbot of Spoleto, Italy (ca. 550)	1.0
missing	04-12	Monastic Martyrs Menas, David, and John, of Palestine		0.0
present	04-12	Venerable Anthusa of Constantinople	Anthousa the Righteous of Constantinople	1.0
present	04-12	Venerable Athanasia, Abbess of Aegina	Our Holy Mother Athanasia (860)	1.0
missing	04-12	Venerable Acacius the Younger of Mount Athos		0.0
missing	04-12	Murom Icon of the Mother of God		0.0
missing	04-12	Belynich Icon of the Mother of God		0.0
missing	04-12	Transfer of the Holy Zone of Theotokos to Constantinople		0.0
present	04-13	Bright Monday	Bright Monday	1.0
missing	04-13	Icon of the Mother of God of Mt. Athos, “Sweet Kissing”		0.0
probable	04-13	Hieromartyr Artemon of Laodikeia	Hieromartyr Artemon, Presbyter of Laodicea	0.5
missing	04-13	Martyr Crescens of Myra in Lycia		0.0
missing	04-13	Martyr Thomais of Alexandria		0.0
present	04-14	Bright Tuesday	Bright Tuesday	1.0
present	04-14	Saint Martin the Confessor, Pope of Rome	St Martin the Confessor, Pope of Rome	1.0
missing	04-14	Martyrs Anthony, John, and Eustathius of Vilnius		0.0
present	04-14	Martyr Ardalion the Actor	Holy Martyr Ardalion the Actor (3rd c.)	1.0
missing	04-14	Martyr Azades the Eunuch and 1,000 Martyrs of Persia		0.0
missing	04-14	Vil'na Icon of the Mother of God		0.0
present	04-15	Bright Wednesday	Bright Wednesday	1.0
present	04-15	Apostle Aristarchus of the Seventy	Apostles of the Seventy Aristarchus, Pudens and Trophimus	1.0
present	04-15	Apostle Pudens of the Seventy	Apostles of the Seventy Aristarchus, Pudens and Trophimus	1.0
present	04-15	Apostle Trophimus of the Seventy	Apostles of the Seventy Aristarchus, Pudens and Trophimus	1.0
elsewhere	04-15	Martyrs Basilissa and Anastasia of Rome, disciples of Apostles Peter and Paul	01-26  Our Holy Mother Paula of Rome (404)	1.0
missing	04-15	Martyr Suchias and his Soldiers in Georgia		0.0
present	04-15	Martyr Savva the Goth of Wallachia	Holy Martyr Sabbas the Goth (372)	1.0
missing	04-15	Saint Ephraim the Great of Atsquri		0.0
present	04-16	Bright Thursday	Bright Thursday	1.0
present	04-16	Virgin Martyrs Agape, Irene and Chionia, in Illyria	Virgin Martyrs Agape, Irene and Chionia	1.0
probable	04-16	Martyrs Leonidas, Chariessa, Nice, Galina, Kalista, Nunechia, Basilissa, Theodora, and Irene, of Corinth	Virgin Martyrs Agape, Irene and Chionia	0.25
missing	04-16	Monastic Martyr Christopher of Dionysiou, Mount Athos		0.0
missing	04-16	Hieromartyr Nikḗtas		0.0
missing	04-16	Weeping “Ilyin Chernigov” Icon of the Mother of God		0.0
missing	04-16	Tambov (Utkino) Icon of the Mother of God		0.0
present	04-17	Bright Friday: The Life Giving Fountain of the Mother of God	Bright Friday	1.0
missing	04-17	Appearance of the Icon of the Mother of God “The Footprint” at Pochaev		0.0
present	04-17	Hieromartyr Simeon, Bishop in Persia, and those with him	Hieromartyr Simeon of Persia	1.0
missing	04-17	Saint Akakios, Bishop of Melitēnḗ		0.0
probable	04-17	Venerable Zosimas, Abbot of Solovki	Ven. Zosima of Solovetsk	0.5
missing	04-17	Uncovering of the relics of Venerable Alexander, Abbot of Svir		0.0
missing	04-17	Martyr Adrian of Corinth		0.0
missing	04-17	Saint Agapitus, Pope of Rome		0.0
present	04-17	Venerable Makarius of Corinth	Makarios, Bishop of Corinth	1.0
present	04-18	Bright Saturday	Bright Saturday	1.0
present	04-18	Venerable John, disciple of Venerable Gregory of Decapolis	Ven. John, Disciple of Gregory Decapolites	0.75
missing	04-18	Martyr Victor, and his companions, of Nicomedia		0.0
missing	04-18	Saint Cosmas, Bishop of Chalcedon, and his fellow ascetic, Saint Auxentius		0.0
probable	04-18	New Martyr John the New of Epirus	Ven. John, Disciple of Gregory Decapolites	0.5
missing	04-18	Venerable Euthymius, Enlightener of Karelia, Finland and the Righteous Anthony and Felix		0.0
missing	04-18	“Maximov” Icon of the Mother of God		0.0
missing	04-18	Saint Basil Ratishvili of Georgia		0.0
present	04-19	Antipascha: Saint Thomas Sunday	St Thomas Sunday	1.0
present	04-19	Venerable John of the Ancient Caves in Palestine	Ven. John of Ancient Caves in Palestine	1.0
missing	04-19	Martyrs Christopher, Theonas, and Anthony, at Rome		0.0
present	04-19	Hieromartyr Paphnutius of Jerusalem	The Holy Hieromartyr Paphnutius	1.0
present	04-19	Saint George the Confessor and Bishop of Antioch, in Pisidia	George the Confessor	1.0
present	04-19	Saint Tryphon, Patriarch of Constantinople	Tryphon, Patriarch of Constantinople	1.0
missing	04-19	Venerable Nikēphóros, Abbot of Catabad		0.0
present	04-19	Monastic Martyr Agathangelus of Esphigmenou, Mount Athos	Our Holy Father Agathangelos (1819)	1.0
missing	04-19	Venerable Simeon of Philotheou		0.0
missing	04-19	Martyr Theodore and those with him		0.0
probable	04-20	Venerable Theodore Trichinas “the Hair-Shirt Wearer” and Hermit Near Constantinople	Ven. Theodore Trichinas	0.67
missing	04-20	Venerable Alexander, Abbot of Oshevensk		0.0
missing	04-20	Childmartyr Gabriel of Bialystok		0.0
greek	04-20	Blessed Gregory, Patriarch of Antioch	Gregory & Anastasios, Patriarchs of Antioch	1.0
missing	04-20	Venerable Anastasius, Abbot of Sinai		0.0
missing	04-20	Saint Betran, Bishop of Lesser Scythia		0.0
missing	04-20	Saint Theotimus, Bishop of Lesser Scythia		0.0
missing	04-20	Translation of the relics of Saint Nikolai of Zhicha		0.0
missing	04-20	Saint Joseph of Serbia		0.0
present	04-20	Apostle Zacchaeus	Holy Apostle Zaccheus	1.0
present	04-20	Saint Athanasius of Meteora	Athanasios, Founder of the Monastery of Meteora	1.0
present	04-21	Day of Rejoicing	Day of Rejoicing (Radonitsa)	1.0
present	04-21	Hieromartyr Januarius, Bishop of Benevento, and his companions, at Pozzuoli	Hieromartyr Januarius and Companions	1.0
present	04-21	Hieromartyr Theodore of Perge in Pamphylia, his mother, Philippa, and Martyrs Dioscorus, Socrates, and Dionysius	Theodore the Holy Martyr & his mother Philippa of Perge	1.0
missing	04-21	Martyrs Isaac, Apollos, and Quadratus, of Nicomedia		0.0
present	04-21	Saint Maximian, Patriarch of Constantinople	Our Holy Father Maximian, Patriarch of Constantinople	1.0
probable	04-21	The Recovery of the Relics of Saint Theodore of Sanaxar	Theodore the Holy Martyr & his mother Philippa of Perge	0.33
present	04-22	Saint Theodore the Sykeote, Bishop of Anastasiopolis	St Theodore the Sykeote	1.0
missing	04-22	Translation of the relics of Blessed Vsevolod (in Baptism Gabriel), Prince of Pskov		0.0
missing	04-22	Apostle Nathaniel of the Seventy		0.0
elsewhere	04-22	Apostle and Evangelist Luke of the Seventy	10-18  Holy Apostle and Evangelist St Luke	1.0
missing	04-22	Holy Apostles of the 70 Apelles, Luke (Loukios), and Clement		0.0
present	04-22	Venerable Vitalius of Gaza	Our Holy Father, the monk Vitalis	1.0
elsewhere	04-22	Hieromartyr Savva (Trlajic) of Serbia	02-08  St Sabbas II, Archbishop of Serbia (1271)	1.0
missing	04-22	Hieromartyr Platon the Newmartyr of Banjaluka		0.0
probable	04-23	Greatmartyr, Victory-bearer, and Wonderworker George	Holy Greatmartyr, Victorybearer and Wonderworker George	0.5
missing	04-23	Martyr Alexandra the Empress, wife of Diocletian		0.0
probable	04-23	Martyrs Anatolius and Protoleon, soldiers converted by witnessing the martyrdom of Saint George	Holy Greatmartyr, Victorybearer and Wonderworker George	0.5
missing	04-23	New Martyr Lazarus of Bulgaria		0.0
missing	04-23	Holy Martyr Polychronia		0.0
present	04-24	Martyr Savva Stratelates “the General” of Rome, and 70 soldiers with him	Martyr Sabbas Stratelates	1.0
probable	04-24	Venerable Savva the Recluse of the Kiev Far Caves	Martyr Sabbas Stratelates	0.5
elsewhere	04-24	Venerable Alexius the Recluse of the Kiev Far Caves	08-28  Synaxis of the Kiev Cave Fathers	1.0
missing	04-24	Martyrs Valentine and Pasikrates in Moesia, Bulgaria		0.0
missing	04-24	Martyrs Eusebius, Neon, Leontius, Longinus, and others, at Nicomedia		0.0
missing	04-24	Venerable Thomas the Fool of Syria		0.0
present	04-24	Saint Elizabeth, Wonderworker of Constantinople	Elizabeth the Wonderworker	1.0
missing	04-24	Saint Iorest, Metropolitan of Ardeal, Confessor of Romania		0.0
probable	04-24	Saint Savva Brancovici, Metropolitan of Ardeal, Confessor of Romania	Martyr Sabbas Stratelates	0.5
missing	04-24	Hieromartyr and Confessor Elijah (Ilie) the Wallachian		0.0
missing	04-24	Icon of the Mother of God of Molcha		0.0
missing	04-24	Hieromartyr Branko (Dobrosavljevic) the Newmartyr		0.0
missing	04-24	Saint Joseph the Confessor of Maramures		0.0
missing	04-24	Hieromartyr Branko, parish priest of Veljusa		0.0
missing	04-25	Saint Basil of Poiana Marului		0.0
present	04-25	Apostle and Evangelist Mark	Holy Apostle and Evangelist Mark	1.0
missing	04-25	Venerable Sylvester, Abbot of Obnora		0.0
missing	04-25	Constantinople Icon of the Mother of God		0.0
present	04-26	Sunday of the Holy Myrrhbearing Women with the Noble Joseph	Myrrhbearing Women	1.0
present	04-26	Hieromartyr Basil, Bishop of Amasea	Hieromartyr Basil of Amasea	1.0
present	04-26	Saint Stephen, Bishop of Perm	St Stephen, Bishop of Perm	1.0
missing	04-26	Righteous Virgin Martyr Glaphyra		0.0
elsewhere	04-26	Saint Joannicius of Devich, Serbia	12-02  Joannicos the Monk of Devich	1.0
missing	04-26	6,000 Martyrs of Saint David Gareji Monastery, Georgia		0.0
missing	04-26	Icon of the Mother of God of Mozdok and Dubno-Krasnogorsk		0.0
present	04-27	Hieromartyr Simeon, kinsman of the Lord, second Bishop of Jerusalem	Hieromartyr Simeon, Kinsman of the Lord	1.0
present	04-27	Venerable Stephen, Abbot of the Kiev Far Caves, and Bishop of Vladimir, in Volhynia	Our Holy Father Stephen, Abbot of the Kiev Caves and Bishop of Vladimir (1094)	1.0
missing	04-27	Saint Eulogius the Hospitable of Constantinople		0.0
present	04-27	The Burning of Saint Sava's relics	Burning of the relics of St Sava I of Serbia by the Turks (1594)	1.0
present	04-28	Apostles Jason and Sosipater of the Seventy, the Virgin Kerkyra, and those with them	Apostles Jason and Sosipater of the Seventy	1.0
missing	04-28	Martyrs Dada, Maximus, and Quinctilian, at Dorostolum		0.0
missing	04-28	Saint Cyril, Bishop of Turov		0.0
present	04-29	Nine Martyrs at Cyzicus: Theognes, Rufus, Antipater, Theostichus, Artemas, Magnus, Theodotus, Thaumasius, and Philemon	The Nine Martyrs at Cyzicus (3rd c.)	1.0
missing	04-29	Venerable Memnon the Wonderworker		0.0
missing	04-29	Martyrs Diodorus and Rhodopianus—Deacons, at Aphrodisia in Anatolia		0.0
present	04-29	Saint Basil, Bishop of Zakholmsk in Montenegro, Serbia	St Basil, bishop of Ostrog in Montenegro (Serbia) (1671)	0.75
present	04-29	Venerable Nectarius of Optina	Nektarios the New Martyr of Optina	1.0
missing	04-29	Martyrs of Lazeti		0.0
missing	04-29	Saint Endellion, recluse of Cornwall		0.0
present	04-30	Apostle James the Brother of Saint John the Theologian	Holy Apostle James, Brother of St John	1.0
elsewhere	04-30	Uncovering of the relics of Saint Nikḗtas, Bishop of Novgorod	01-31  Venerable Nicetas, hermit of the Kiev Caves and Bishop of Novgorod (1108)	1.0
missing	04-30	Saint Donatus, Bishop of Euroea in Epirus		0.0
elsewhere	04-30	Uncovering of the relics of Saint Basil, Bishop of Amasea	04-26  Hieromartyr Basil of Amasea	1.0
missing	04-30	Martyr Maximus of Ephesus		0.0
present	04-30	Saint Ignatius Brianchaninov, Bishop of the Caucasus and Stavropol	St Ignatius (Brianchaninov), Bishop of Stavropol and Kavkaz (1867)	0.75
present	04-30	New Martyr Argyra	Argyra the New Martyr	1.0
present	05-01	Prophet Jeremiah	Prophet Jeremiah	1.0
probable	05-01	Venerable Paphnutius, Abbot of Borov	Ven. Paphnutius of Borovsk	0.5
probable	05-01	New Martyr Euthymius of Mount Athos	Synaxis of the Three New Righteous Martyrs of the Holy Mountain, Euthymius, Ignatius, and Acacius (1814-1815)	0.33
probable	05-01	New Martyr Ignatius the Martyr of Mount Athos	Synaxis of the Three New Righteous Martyrs of the Holy Mountain, Euthymius, Ignatius, and Acacius (1814-1815)	0.33
probable	05-01	New Martyr Acacius, Martyr of Mount Athos and Seres	Synaxis of the Three New Righteous Martyrs of the Holy Mountain, Euthymius, Ignatius, and Acacius (1814-1815)	0.25
missing	05-01	Hieromartyr Macarius, Metropolitan of Kiev		0.0
missing	05-01	Martyr Bata the Persian		0.0
present	05-01	Right-believing Tamara, Queen of Georgia	Saint Tamara (Tamar), Queen of Georgia (1212)	1.0
missing	05-01	Venerable Nikēphóros of Chios		0.0
missing	05-01	“Unexpected Joy” Icon of the Mother of God		0.0
missing	05-01	“Myrrh-Bearing” Icon of the Mother of God		0.0
missing	05-01	Saint Panaretus of Cyprus		0.0
missing	05-01	Saint Gerasimus of Boldino		0.0
missing	05-01	Martyr Isidora		0.0
missing	05-01	Saint Zosimas II of Kumurdo		0.0
present	05-02	Saint Matrona of Moscow	Saint Matrona (the Blind) of Moscow (1952)	1.0
present	05-02	Saint Athanasius the Great, Patriarch of Alexandria	St Athanasius the Great, Patr. of Alexandria	1.0
probable	05-02	Translation of the Relics of the Holy Passionbearers Boris and Gleb (in Baptism Roman and David—1072 and 1115)	Trans. Rel. Boris and Gleb	0.5
probable	05-02	Saint Athanasius of Lubensk, Patriarch of Constantinople	St Athanasius the Great, Patr. of Alexandria	0.33
present	05-02	Martyr Hesperus with his wife and sons at Attalia	Holy Martyrs Hesperus, his wife Zoë, and their sons Cyriac and Theodulus (2nd c.)	0.75
present	05-02	Saint Boris (in Baptism Michael), Equal of the Apostles, Prince and Baptizer of Bulgaria	Holy Tsar Boris-Michael of Bulgaria (907)	0.75
missing	05-02	Icon of the Mother of God of Putivil		0.0
probable	05-03	Sunday of the Paralytic	4th Sunday of Pascha	0.5
present	05-03	Martyr Timothy the Reader and his wife, Maura, in Egypt	Martyrs Timothy the Reader and his wife Maura of Antinoe in Egypt (286)	1.0
present	05-03	Venerable Theodosius, Abbot of the Kiev Far Caves Monastery, and Founder of Coenobitic Monasticism in Russia	Ven. Theodosius, Abbot of the Kiev Caves	0.75
present	05-03	Saint Peter the Wonderworker, Bishop of Argos	Peter the Wonderworker	1.0
missing	05-03	“Svena” Icon of the Mother of God		0.0
probable	05-03	Translation of the Dormition Icon of the Mother of God from Constantinople to the Kiev Caves, Far Caves	Ven. Theodosius, Abbot of the Kiev Caves	0.5
missing	05-03	Saint Mamai, Catholicos of Georgia		0.0
missing	05-03	Saints Michael and Arsenius of Ulompo, Georgia		0.0
missing	05-03	Saint Ekouménios, Wonderworker of Trikala		0.0
present	05-03	Holy Great Martyr Xenia of Kalamata	Xenia of Kalamata the Great Martyr	1.0
missing	05-04	New Martyr Archpriest Vasily Martysz		0.0
present	05-04	Virgin Martyr Pelagia of Tarsus, in Asia Minor	Virgin Martyr Pelagia of Tarsus	1.0
missing	05-04	Venerable Alphan, with his brothers, of Novgorod, founders of the Sokolnitzky Monastery		0.0
missing	05-04	Holy Confessor Erasmus, Bishop of Formia in Campania		0.0
missing	05-04	Hieromartyr Albian, Bishop of Anaea in Asia Minor		0.0
missing	05-04	Hieromartyr Silvanus, Bishop of Gaza, and 40 Martyrs with him		0.0
probable	05-04	Venerable Nikēphóros of Mount Athos	Our Holy Father Nikephoros the Hesychast (14th c.)	0.5
missing	05-04	“Staro Rus” Old Russian Icon of the Mother of God		0.0
present	05-04	Saint Monica	St Monica, mother of Blessed Augustine (388)	1.0
present	05-05	Great Martyr Irene	Great Martyr Irene of Thessalonica	1.0
missing	05-05	Uncovering of the relics of Venerable James, Abbot of Zhelezny Bor		0.0
present	05-05	New Martyr Ephraim	The Righteous Martyr Ephraim the Younger	1.0
missing	05-05	Inexhastible Chalice Icon of the Mother of God		0.0
missing	05-05	Venerable Barlaam of Serpukhov		0.0
present	05-06	Midfeast of Pentecost	Midfeast of Pentecost	1.0
probable	05-06	Righteous Job the Long-Suffering	Righteous Job the Longsuffering	0.5
elsewhere	05-06	Venerable Micah, disciple of Venerable Sergius of Radonezh	09-25  Our Holy Father Sergius of Radonezh (1392)	1.0
probable	05-06	Martyr Barbarus the Soldier, and those with him, in Morea	Holy Martyr Barbarus the Soldier, with Bacchus, Callimachus and Dionysius (362)	0.5
probable	05-06	Martyr Barbarus in Thessaly, who was a robber	Holy Martyr Barbarus the Soldier, with Bacchus, Callimachus and Dionysius (362)	0.25
elsewhere	05-06	Translation of the relics of Saint Savva, first Archbishop of Serbia	01-12  St Sava, Archbishop of Serbia	1.0
missing	05-06	Saint Seraphim of Labodeia		0.0
present	05-07	Commemoration of the Apparition of the Sign of the Precious Cross Over Jerusalem, in 351 AD	Commemoration of the Apparition of the Sign of the Precious Cross over Jerusalem in 351 AD	1.0
probable	05-07	Repose of Saint Alexis Toth, Confessor and Defender of Orthodoxy in America	St Alexis Toth of Wilkes-Barre, Pennsylvania (1909) (April 24 OC)	0.4
present	05-07	Martyr Acacius the Centurion at Byzantium	Martyr Acacius the Centurion at Byzantium (303)	1.0
present	05-07	Repose of Venerable Nilus, Abbot of Sora	Repose of St. Nilus, abbot of Sora	1.0
missing	05-07	Saint John Zedazeni of Zaden, Georgia, with his 12 disciples		0.0
probable	05-07	Venerable Nilus the Myrrhgusher of Lavra of Mount Athos	Repose of St. Nilus, abbot of Sora	0.5
missing	05-07	Monastic Martyr Pachomius of Mount Athos		0.0
missing	05-07	Icon of the Mother of God of Zhirovits		0.0
missing	05-07	Icon of the Mother of God of Lubech		0.0
probable	05-07	Saint Akaki Asistavi of Georgia	Martyr Acacius the Centurion at Byzantium (303)	0.33
elsewhere	05-07	Martyr Quadratus and his companions	03-10  Martyr Quadratus and Companions	1.0
present	05-08	Apostle and Evangelist John the Theologian	Holy Apostle John the Theologian	1.0
present	05-08	Venerable Arsenius the Great	Our Righteous Father Arsenios the Great (449)	1.0
present	05-08	Venerable Arsenius the Lover-of-Labor of the Kiev Far Caves	Our Righteous Father Arsenios the Great (449)	1.0
elsewhere	05-08	Venerable Pimen the Ascetic of the Kiev Far Caves	08-28  Synaxis of the Kiev Cave Fathers	1.0
missing	05-09	New Martyrs and Confessors of Butovo		0.0
present	05-09	Prophet Isaiah	Prophet Isaiah	1.0
present	05-09	Martyr Christopher of Lycia, and, with him, the Martyrs Callinika and Aquilina	Holy Martyr Christopher (3rd c.)	1.0
probable	05-09	Translation of the relics of Saint Nicholas the Wonderworker from Myra to Bari	Trans. Rel. St Nicholas the Wonderworker	0.33
missing	05-09	Repose of Venerable Shio the Anchorite of Georgia		0.0
missing	05-09	Venerable Joseph of Optina		0.0
present	05-10	Sunday of the Samaritan Woman	Samaritan Woman	1.0
present	05-10	Apostle Simon the Zealot	Apostle Simon the Zealot	1.0
probable	05-10	Saint Simon, Bishop of Vladimir and Suzdal of the Kiev Near Caves	Apostle Simon the Zealot	0.5
probable	05-10	Martyrs Philadelphus, Cyprian, Alphius, Onesimus, Erasmus, and 14 others, in Sicily	Holy Martyrs Alphaeus, Philadelphus and Cyprinus of Sicily (251)	0.5
missing	05-10	Martyr Hesychius of Antioch		0.0
present	05-10	Blessed Isidora the Fool of Tabenna in Egypt	St Isidora the Fool of Tabenna (Egypt) (4th c.)	1.0
present	05-10	Blessed Thais of Egypt	Blessed Thaïs (Taïsia) of Egypt (4th c.)	1.0
missing	05-10	“Kiev-Bratsk” Icon of the Mother of God		0.0
missing	05-10	Venerable Comgall of Bangor		0.0
missing	05-11	Commemoration of the Founding of Constantinople		0.0
present	05-11	Hieromartyr Mocius the Presbyter of Amphipolis in Macedonia	Holy Hieromartyr Mocius (288? 295?)	1.0
present	05-11	Equals of the Apostles and Teachers of the Slavs, Cyril and Methodius	SS Cyril and Methodius, Apostles to the Slavs	1.0
elsewhere	05-11	Venerable Sophronius the Recluse of the Kiev Far Caves	08-28  Synaxis of the Kiev Cave Fathers	1.0
missing	05-11	Saint Joseph, Metropolitan of Astrakhan		0.0
missing	05-11	Saint Nikodemos, Archbishop of Serbia		0.0
missing	05-11	Saint Rostislav, Prince of Great Moravia		0.0
present	05-11	New Martyr Dioscorus	Dioscoros the New Martyr	1.0
present	05-11	New Martyr Argyrus	Argyrios the New-Martyr of Epanomi	1.0
missing	05-11	Blessed Christopher, called Christesia		0.0
missing	05-11	Holy Monastic Martyrs Olympia and Euphrosynē		0.0
present	05-12	Saint Epiphanius, Bishop of Cyprus	St Epiphanius, Bishop of Cyprus	1.0
missing	05-12	Saint Germanus, Patriarch of Constantinople		0.0
elsewhere	05-12	Hieromartyr Hermogenes, Patriarch of Moscow and All Russia	10-09  Repose of St Tikhon, Patriarch of Moscow and All Russia, Confessor (1925)	0.75
missing	05-12	Venerable Dionysius, Archimandrite of Saint Sergius’ Monastery		0.0
missing	05-12	Saint Sabinus, Archbishop of Cyprus		0.0
missing	05-12	Saint Polybius, Bishop in Cyprus		0.0
missing	05-12	Martyr John of Vlachia, Romania		0.0
missing	05-12	Martyr Pancratius		0.0
present	05-13	Virgin Martyr Glyceria at Heraclea	Virgin Martyr Glyceria	1.0
missing	05-13	Martyr Laodicius the Keeper of the Prison		0.0
probable	05-13	Righteous Virgin Glykerίa of Novgorod	Virgin Martyr Glyceria	0.5
missing	05-13	Venerable Macarius, Archimandrite of Ovruch		0.0
present	05-13	Martyr Alexander of Rome	Holy Martyr Alexander of Rome (298)	1.0
present	05-13	Saint Pausicacus, Bishop of Synnada	Pausikakos, Bishop of Synnada	1.0
missing	05-13	Saint George the Confessor, with his wife and children, of Constantinople		0.0
missing	05-13	Saint Irene, with her husband and children, of Constantinople		0.0
elsewhere	05-13	Saint Euthymius the New, Founder of the Ivḗron Monastery, and his fellow Georgian Saints of Mount Athos	09-13  Hierotheos the Righteous of Iveron Monastery, Mount Athos	0.8
elsewhere	05-13	Monastic Martyr John of the Ivḗron Monastery on Mount Athos	09-13  Hierotheos the Righteous of Iveron Monastery, Mount Athos	0.8
elsewhere	05-13	Monastic Martyr George of the Ivḗron Monastery on Mount Athos	09-13  Hierotheos the Righteous of Iveron Monastery, Mount Athos	0.8
elsewhere	05-13	Monastic Martyr Gabriel of the Ivḗron Monastery on Mount Athos	09-13  Hierotheos the Righteous of Iveron Monastery, Mount Athos	0.8
elsewhere	05-13	Martyrs killed by the Latins at the Ivḗron Monastery on Mount Athos	09-13  Hierotheos the Righteous of Iveron Monastery, Mount Athos	0.8
present	05-14	Martyrs Isidore and Myrope of Chios	Martyr Isidore of Chios	1.0
present	05-14	Venerable Isidore the Fool-For-Christ and Wonderworker of Rostov	Ven. Isidore, Fool-for-Christ of Rostov	1.0
elsewhere	05-14	Saint Nikḗtas, Bishop of Novgorod, Recluse of the Kiev Far Caves	08-28  Synaxis of the Kiev Cave Fathers	1.0
missing	05-14	Martyr Maximus		0.0
probable	05-14	Venerable Serapion of Egypt	Our Holy Father Serapion the Sindonite (5th c.)	0.5
present	05-14	Saint Leontius, Patriarch of Jerusalem	Leontius, Patriarch of Jerusalem	1.0
elsewhere	05-14	First opening of the relics of Saint Tikhon of Zadonsk	08-13  St Tikhon of Zadonsk (1783)	1.0
missing	05-14	“Sweet-Kissing” Icon of the Mother of God		0.0
missing	05-14	“Yaroslavl-Caves” Icon of the Mother of God		0.0
missing	05-14	New Martyr Raiko (John) of Bulgaria		0.0
present	05-14	Hieromartyr Therapontus of Cyprus	Holy Hieromartyr Therapontus	1.0
probable	05-15	Venerable Pachomius the Great, Founder of Coenobitic Monasticism	Ven. Pachomius the Great	0.5
missing	05-15	Saint Isaiah the Wonderworker, Bishop of Rostov		0.0
missing	05-15	The Holy Right-believing Tsarevich Demetrios of Uglich and Moscow		0.0
missing	05-15	Venerable Isaiah, Wonderworker of the Kiev Near Caves		0.0
probable	05-15	Venerable Pachomius, Abbot of Nerekhta	Ven. Pachomius the Great	0.5
missing	05-15	Venerable Silvanus of Nerekhta		0.0
missing	05-15	Venerable Euphrosynos, Igoumen of Pskov		0.0
elsewhere	05-15	Venerable Serapion of Pskov	09-08  Our Venerable Father Serapion of Pskov (1481)	1.0
present	05-15	Saint Achilles, Bishop of Larissa	Our Father among the Saints Achillius, Bishop of Larissa (330)	1.0
probable	05-16	Venerable Theodore the Sanctified, disciple of Venerable Pachomius the Great	Ven. Theodore the Sanctified	0.67
probable	05-16	Translation of the relics of Venerable Ephraim, Abbot of Perekop, Novgorod	Trans. Rel. Ephraim, Abbot of Perekop	0.67
missing	05-16	Venerable Cassian, Abbot of Komel (Vologda)		0.0
missing	05-16	Venerable Laurence, Abbot of Komel		0.0
missing	05-16	Saint Alexander, Archbishop of Jerusalem		0.0
elsewhere	05-16	Martyrs Vitus, Modestus, and Crescentia, at Lucania	06-15  Holy Martyr Vitus, with Modestus and Crescentia (303)	1.0
probable	05-16	Blessed Child Musa of Rome	Blessed Musa the Maiden (5th c.)	0.5
elsewhere	05-16	Saint George, Bishop of Mitylene	04-07  St George the Confessor, bishop of Mitylene (ca. 820)	1.0
missing	05-16	Venerable Monastic Martyrs of Saint Savva Lavra		0.0
probable	05-16	Saint Theodore of Vrsac, Serbia	Ven. Theodore the Sanctified	0.33
missing	05-16	New Martyr Vukasin of Klepci, Serbia		0.0
probable	05-16	New Martyr Nicholas of Metsovo	St Nicholas Mystikos, Patriarch of Constantinople (930)	0.5
probable	05-16	Saint Brendan the Navigator	St Brendan the Voyager, abbot of Clonfert (ca. 577)	0.5
present	05-17	Sunday of the Blind Man	Blind Man	1.0
missing	05-17	Icon of the Mother of God “of the Passion”		0.0
present	05-17	Apostle Andronicus of the Seventy and his fellow-laborer, Junia	Apostle Andronicus of the Seventy and Junia	1.0
missing	05-17	Saint Euphrosynē, Great Princess of Moscow		0.0
present	05-17	Martyrs Solochon, Pamphamer, and Pamphalon, at Chalcedon	Holy Martyr Solochon (298)	1.0
elsewhere	05-17	Saint Stephen, Archbishop of Constantinople	12-09  St Stephen the New Light (Neolampes) of Constantinople (912)	1.0
missing	05-17	Venerable Dodo of the Saint David-Gareji Monastery, Georgia		0.0
missing	05-17	Great Martyr Nicholas of Sofia (Bulgaria)		0.0
present	05-17	Saint Athanasius the New, Wonderworker and Archbishop of Christianopolis	Athanasios, Archbishop of Christianopolis	1.0
missing	05-17	Transfer of the relics of the Hieromartyr Adrian of Ondrusov, Wonderworker		0.0
present	05-18	Martyr Theodotus of Ancyra, and with him the seven Virgin Martyrs: Alexandra, Tecusa, Claudia, Phaine, Euphraisa, Matrona, and Julia, who suffered under Decius	Martyr Theodotus of Ancyra	1.0
probable	05-18	Martyrs Peter, Dionysius, Andrew, Paul, and Christina who suffered under Decius	Holy Martyrs Peter, Dionysius, Christina, Andrew, Paul, Benedimus, Paulinus, and Heraclius (250)	0.62
missing	05-18	Martyrs Simeon, Isaac and Bachtisius, of Persia		0.0
present	05-18	Martyrs Heraclius, Paulinus, and Benedimus	Holy Martyrs Peter, Dionysius, Christina, Andrew, Paul, Benedimus, Paulinus, and Heraclius (250)	1.0
missing	05-18	Martyrs David and Tarichan of Georgia		0.0
present	05-19	Hieromartyr Patrick, Bishop of Prusa, and his companions	Hieromartyr Patrick, Bishop of Prusa	1.0
missing	05-19	Venerable Cornelius, Abbot of Komel, Vologda		0.0
missing	05-19	Venerable Cornelius, Abbot of Paleostrov		0.0
missing	05-19	Right-believing John, Prince of Uglich, tonsured as Ignatius		0.0
missing	05-19	Venerable Sergius of Shukhtom		0.0
missing	05-19	Saint John, Bishop of the Goths in the Crimea		0.0
probable	05-19	Right-believing Demetrios Donskoy, Grand Prince of Moscow	Rt. Blv. Dimitry Donskoy	0.33
missing	05-19	Martyr Caluf of Egypt		0.0
elsewhere	05-19	Entrance of Saint Nino (Nina) the Enlightener into Georgia	01-14  St Nino of Georgia	1.0
greek	05-19	Martyr Theotime	Theotima & Kyriake the Martyrs	1.0
present	05-20	Leavetaking of Pascha	Leavetaking of Pascha / Forefeast of Ascension	1.0
present	05-20	Unmercenary Physician Thallelaios at Aegae in Cilicia and his companions, Martyrs Alexander and Asterios	Martyr Thalelaeus of Cilicia	1.0
probable	05-20	Uncovering of the relics of Saint Alexis, Metropolitan of Moscow and Wonderworker of All Russia	Unc. Rel. St Aleksy, Metropolitan of Kiev	0.2
missing	05-20	Blessed Dovmont (Timothy), Prince of Pskov		0.0
missing	05-20	Martyr Asclas of Egypt		0.0
elsewhere	05-20	Glorification of Venerable Zabulon and Sosanna, parents of Saint Nino, Enlightener of Georgia	01-14  St Nino of Georgia	1.0
missing	05-20	Venerable Stephen of Piperi, Serbia		0.0
elsewhere	05-20	Saint Lydia of Philippi	05-07  St Lydia of Philippi (1st c.)	1.0
present	05-21	The Ascension of our Lord	Ascension of the Lord	1.0
probable	05-21	Equal of the Apostles and Emperor Constantine with his Mother Helen	SS Constantine and Helen, Equals-to-the-Apostles	0.67
probable	05-21	Venerable Constantine, (in baptism Yaroslav), with his children Michael and Theodore, Wonderworkers of Murom	SS Constantine and Helen, Equals-to-the-Apostles	0.33
elsewhere	05-21	Venerable Cassian the Greek of Uglich	10-02  St Cassian the Greek, Wonderworker of Uglich (1504)	1.0
elsewhere	05-21	Meeting of the Vladimir Icon of the Mother of God	08-26  Vladimir Icon	1.0
missing	05-21	“Tenderness” Icon of the Mother of God from the Pskov Caves		0.0
present	05-22	Martyr Basiliscus, Bishop of Comana	Martyr Basiliscus, Bishop of Comana	1.0
present	05-22	Commemoration of the Holy Fathers of the Second Ecumenical Council	Commemoration of the Second Ecumenical Council (381).	1.0
probable	05-22	Saint John-Vladimir, Prince of Bulgaria, Greatmartyr, and Miracle-worker	John-Vladimir, Ruler of Serbia	0.5
missing	05-22	Monastic Martyr Paul of the Lavra, Mount Athos		0.0
missing	05-22	Icon of the Mother of God of Cyprus		0.0
missing	05-22	Blessed James of Borovichi, Wonderworker of Novgorod		0.0
present	05-22	Righteous Melchizedek, King of Salem	Righteous Melchizedek, king of Salem.	1.0
present	05-23	Saint Michael the Confessor, Bishop of Synnada	St Michael the Confessor	1.0
missing	05-23	Synaxis of the Saints of Rostov		0.0
probable	05-23	Venerable Euphrosyne, Abbess of Polotsk	Holy Virgin Euphrosyne, Princess of Polotsk (1173)	0.67
missing	05-23	Venerable Paisius, Abbot of Galich		0.0
present	05-23	Martyr Michael “the Black-Robed” of Saint Savva Monastery	Holy Martyr Michael of St Sabbas' Monastery(9th c.)	1.0
missing	05-23	Saint Damiane (Demetrius), King and Hymnographer		0.0
missing	05-23	Icon of the Mother of God “You are a Vineyard” (Georgian: Shen khar venakhi)		0.0
present	05-23	Holy Myrrh-bearer Mary, the wife of Cleopas	Holy Myrrh-bearer Mary, wife of Cleopas	1.0
present	05-23	Saint Leontius, Bishop of Rostov	Unc. Rel. St Leonty, Bishop of Rostov	1.0
present	05-24	Commemoration of the Holy Fathers of the First Ecumenical Council	Holy Fathers of the First Ecumenical Council	1.0
probable	05-24	Venerable Simeon Stylites the Younger of Wonderful Mountain	Ven. Simeon the Stylite	0.67
probable	05-24	Venerable Niketas the Stylite, Wonderworker of Pereyaslavl, Zalesski	Ven. Simeon the Stylite	0.33
missing	05-24	Martyr Meletius Stratelates who suffered in Galatia, and those with him		0.0
present	05-24	Saint Vincent of Lerins	St Vincent of Lerins (445)	1.0
present	05-25	Third Finding of the Honorable Head of the Holy Glorious Prophet, Forerunner and Baptist John	3rd Finding of the Head of St John the Baptist	1.0
present	05-25	Hieromartyr Therapon, Bishop of Cyprus	Holy Hieromartyr Therapon, Bishop of Cyprus (4th c.)	1.0
missing	05-25	Hieromartyr Urban, Pope of Rome		0.0
present	05-26	Apostle Carpus of the Seventy	Apostles Carpus and Alphaeus of the Seventy	1.0
present	05-26	Apostle Alphaeus of the Seventy	Apostles Carpus and Alphaeus of the Seventy	1.0
present	05-26	Greatmartyr George the New at Sofia, Bulgaria	Greatmartyr George the New at Sofia	1.0
missing	05-26	Uncovering of the relics of Venerable Macarius, Abbot of Kalyazin		0.0
missing	05-26	Martyrs Abercius and Helen, children of the Apostle Alphæus		0.0
missing	05-26	Venerable Confessor John Psykhaitis		0.0
present	05-26	Saint Augustine of Canterbury, Evangelizer of England	Saint Augustine of Canterbury, evangelizer of England (ca. 605)	1.0
present	05-27	Hieromartyr Therapon, Bishop of Sardis	Hieromartyr Therapon	1.0
probable	05-27	Translation of the relics of Venerable Nilus of Stolobensk	Trans. Rel. Ven. Nilus of Stolbensk	0.5
present	05-27	Saint John the Russian and Confessor, whose relics are on the island of Euboia	Holy New Confessor John the Russian (1730)	1.0
present	05-27	Venerable Therapon, Abbot of White Lake	Hieromartyr Therapon	1.0
elsewhere	05-27	Translation of the relics of Saints Cyprian, Photius, and Jonah, Metropolitans of Moscow and All Russia	10-09  Repose of St Tikhon, Patriarch of Moscow and All Russia, Confessor (1925)	0.75
present	05-27	Venerable Therapon, Abbot of Monza	Hieromartyr Therapon	1.0
present	05-27	Virgin Martyr Theodora and Martyr Didymus the Soldier, of Alexandria	Holy Martyrs Theodora and Didymus (304)	1.0
present	05-27	Venerable Bede, the Church Historian	Venerable Bede (Baeda) (735)	1.0
missing	05-27	Saint Basil of Georgia, son of King Bagrat III		0.0
missing	05-27	Venerable Michael of Parekhi		0.0
missing	05-27	Venerable Matthew of Zaransk		0.0
present	05-28	Saint Niketas, Bishop of Chalcedon	St Nicetas, Bishop of Chalcedon	1.0
present	05-28	Saint Ignatius the Wonderworker, Bishop of Rostov	St Ignaty, Bishop of Rostov	1.0
present	05-28	Saint Eutychius, Bishop of Melitene	Hieromartyr Eutychius, Bishop of Melitene	1.0
present	05-28	Martyr Heliconis of Thessalonica	Helikonis the Martyr	1.0
missing	05-28	Hieromartyr Helladius, Bishop in the East		0.0
missing	05-28	Saint Germanus, Bishop of Paris		0.0
missing	05-28	Saint Sophronius the Bulgarian		0.0
missing	05-28	New Martyr Demetrius		0.0
missing	05-28	Icon of the Mother of God of Nicea		0.0
missing	05-28	Saint William of Gellone		0.0
probable	05-29	Holy Virgin Martyr Theodosίa of Tyre	Virgin Martyr Theodosia of Tyre	0.67
probable	05-29	Repose of the Blessed John of Ustiug the Fool-for-Christ	Rep. Bl. John of Ustiug	0.67
probable	05-29	Virgin Martyr Theodosia the Nun of Constantinople	Virgin Martyr Theodosia of Tyre	0.67
missing	05-29	Icon of the Mother of God “the Surety of Sinners”		0.0
probable	05-29	Martyred Fathers and Mothers of Atchara	"The Fall of Constantinople (1453); ""Blessed Constantine XII, last of the Byzantine emperors, martyred by the Turks (1453)"""	0.33
present	05-30	Memorial Saturday	Memorial Saturday	1.0
probable	05-30	Venerable Isaac, Founder of Dalmátos Monastery at Constantinople	Ven. Isaac, Founder of Dalmatian Monastery	0.6
missing	05-30	Saint Emmeleίa		0.0
present	05-31	Holy Pentecost	Holy Pentecost	1.0
present	05-31	Apostle Hermas of the Seventy	Apostle Hermes of the Seventy	1.0
present	05-31	Martyr Hermias at Comana	Hermias the Martyr at Comana	1.0
missing	05-31	Martyr Philosophus at Alexandria		0.0
missing	05-31	Hieromartyr Philosophos of St. Petersburg		0.0
missing	05-31	Metropolitan Philotheos of Tobolsk, Enlightener of Siberia		0.0
missing	05-31	Saint Apollonios (Apollo) of the Egyptian Thebaid		0.0
present	06-01	Postfeast of Pentecost — Day of the Holy Spirit	Day of the Holy Spirit	1.0
present	06-01	Martyr Justin the Philosopher and those with him at Rome	Martyr Justin the Philosopher	1.0
missing	06-01	Venerable Dionysius, Abbot of Glushitsa, Vologda		0.0
present	06-01	Venerable Agapitus the Unmercenary Physician of the Kiev Near Caves	Our Holy Father Agapitus of the Kiev Caves (1095)	1.0
missing	06-01	Martyrs Shio, David, Gabriel, and Paul of Akhalkalaki in Georgia		0.0
probable	06-02	Postfeast of Pentecost — 3rd Day of the Trinity	Third Day of the Trinity	0.67
present	06-02	Saint Nikephoros the Confessor, Patriarch of Constantinople	St Nicephorus the Confessor	1.0
missing	06-02	New Martyr John the New of Sochi, who suffered at Belgrade		0.0
missing	06-02	Uncovering of the relics of Venerable Juliana, Princess of Vyazma		0.0
missing	06-02	Icon of the Mother of God of Kiev-Bratsk		0.0
present	06-02	Venerable Erasmus of Ochrid	Hieromartyr Erazmo of Ochrid (303)	1.0
probable	06-03	Martyr Lucillian and those who suffered with him at Byzantium	Martyr Lucillian and His Companions	0.5
elsewhere	06-03	Translation of the relics of slain Crown Prince Demetrius of Moscow	05-15  Slain Crown Prince Dimitry of Moscow	0.8
present	06-03	Hieromartyr Lucian, Bishop of Beauvais, and those with him in France	Hieromartyr Lucian (2nd c.)	1.0
present	06-03	Saint Kevin of Glendalough	Kevin, Abbot of Glendalough	1.0
missing	06-04	“Surety of Sinners” Icon of the Mother of God of Korets		0.0
present	06-04	Saint Metrophanes, first Patriarch of Constantinople	St Metrophanes, First Patriarch of Constantinople	1.0
present	06-04	Righteous Martha and Mary, the sisters of Lazarus	Holy Myrrh-bearers Mary and Martha, sisters of St Lazarus (1st c.)	1.0
elsewhere	06-04	Venerable Methodius, Abbot of Peshnosha, Disciple of Venerable Sergius of Radonezh	09-25  Our Holy Father Sergius of Radonezh (1392)	1.0
missing	06-04	Martyrs Frontasius, Severinus, Severian, and Silanus, of Gaul		0.0
missing	06-04	Martyr Concordius of Spoleto		0.0
missing	06-04	Hieromartyr Astius, Bishop of Dyrrachium in Macedonia		0.0
missing	06-04	Venerable Father Zosima, Bishop of Babylon		0.0
missing	06-04	Venerable Sophia of Ainos		0.0
elsewhere	06-04	Hieromartyr Joannicius of Serbia	09-03  Our Holy Father Joannicius, Archbishop and first Patriarch of Serbia (1354)	1.0
missing	06-04	Hieromartyr George of Serbia		0.0
missing	06-04	Martyrs of Niculitsel		0.0
missing	06-04	New Martyr Archbishop Andronicus of Perm		0.0
missing	06-04	Hieromartyr Joanicus, Metropolitan of Montenegro and the Coast		0.0
missing	06-04	Hieromartyr Savva, Bishop of Upper Karlovac		0.0
present	06-05	Hieromartyr Dorotheus, Bishop of Tyre	Hieromartyr Dorotheus, Bishop of Tyre	1.0
present	06-05	Translation of the relics of the Right-believing Igor-George, Tonsured Gabriel, Grand Prince of Chernigov, and Kiev	Blessed Igor-George, tonsured Gabriel, great prince of Chernigov and Kiev (1147)	1.0
present	06-05	Blessed Constantine, Metropolitan of Kiev	Blessed Constantine, Metropolitan of Kiev (1159)	1.0
probable	06-05	Repose of Saint Theodore Yaroslavich, older brother of Saint Alexander Nevsky	Our Holy Father Theodore the Hermit and Wonderworker (583)	0.5
missing	06-05	Finding of the Relics of Venerable Bassian and Jonah, Monks of Pertominsk		0.0
missing	06-05	Martyrs Marcian, Nicander, Hyperechius, Appolonius, Leonidas, Arius, Gorgias, Pambo, Selenia, and Irene of Egypt		0.0
present	06-05	Venerable Theodore, Wonderworker and Hermit of the Jordan	Our Holy Father Theodore the Hermit and Wonderworker (583)	1.0
missing	06-05	Venerable Anubius the Confessor and Anchorite of Egypt		0.0
probable	06-05	Venerable Abba Dorotheus of Palestine	Hieromartyr Dorotheus, Bishop of Tyre	0.5
missing	06-05	Saint Peter of Korisha		0.0
missing	06-05	Icon of the Mother of God of Igor		0.0
present	06-06	Venerable Bessarion, Wonderworker of Egypt	Ven. Bessarion the Wonderworker of Egypt	1.0
present	06-06	Venerable Hilarion the New, Abbot of the Dalmatian Monastery	St Hilarion the New, abbot of the Dalmatian Monastery (845)	1.0
missing	06-06	Saint Jonah, Bishop of Perm		0.0
missing	06-06	Venerable Paisius, Abbot of Uglich		0.0
missing	06-06	Venerable Jonah, Abbot of Klimetzk		0.0
present	06-06	Virgin Martyrs Archelais, Thekla, and Susanna, at Salerno	Our Holy Mothers the Martyrs Archelaïs, Thekla and Susanna (293)	0.75
missing	06-06	Pimenov Icon of the Mother of God		0.0
missing	06-06	Martyr Gelasius		0.0
missing	06-07	Synaxis of All Saints		0.0
missing	06-07	Icon of the Mother of God “The Unbreakable Wall”		0.0
missing	06-07	"""Seven Arrows"" Icon of the Mother of God"		0.0
present	06-07	Hieromartyr Theodotus, Bishop of Ancyra	Hieromartyr Theodotus, Bishop of Ancyra	1.0
present	06-07	Hieromartyr Marcellinus, Pope of Rome, and those with him	Hieromartyr Marcellinus, pope of Rome (304)	1.0
missing	06-07	Hieromartyr Sisinius the Deacon of Rome and those with him		0.0
elsewhere	06-07	Martyrs Kyriake, Kaleria, and Mary of Caesarea, in Palestine	09-29  St Mary of Palestine (6th c.)	1.0
present	06-07	Martyr Zēnaίda (Zenais) of Caesarea in Palestine	Zenais the Martyr	1.0
present	06-07	Venerable Daniel of Sketis	St Daniel of Skete in Egypt (5th c.)	1.0
missing	06-07	Saint Potamiani of Alexandria		0.0
present	06-08	Translation of the relics of the Greatmartyr Theodore Stratelates	Trans. Rel. Theodore Stratelates	1.0
probable	06-08	Saint Theodore, first Bishop of Rostov and Suzdal	Trans. Rel. Theodore Stratelates	0.25
elsewhere	06-08	Finding of the Relics of Saints Basil and Constantine, Princes of Yaroslavl	09-19  Rt. Blv. Theodore, Prince of Smolensk, and his sons Ss David and Constantine of Yaroslavl	0.75
present	06-08	Saint Ephraim, Patriarch of Antioch	St Ephraim, Patriarch of Antioch (545)	1.0
present	06-08	Venerable Zosimus of Phoenicia, Syria	St Zosimas, monk, of Phoenicia (Syria) (6th c.)	1.0
missing	06-08	Icon of the Mother of God of Yaroslavl		0.0
missing	06-08	Icon of the Mother of God of White Lake		0.0
probable	06-08	Hieromartyr Theodore (Tevdore) of Kvelta	Trans. Rel. Theodore Stratelates	0.33
present	06-09	Saint Cyril, Archbishop of Alexandria	St Cyril of Alexandria	1.0
probable	06-09	Venerable Cyril, Igoumen of White Lake	St Cyril of Alexandria	0.5
missing	06-09	Venerable Alexander, Abbot of Kushta, Vologda		0.0
present	06-09	Five Nuns beheaded in Persia: Martyrs Thecla, Mariamne, Martha, Mary, and Ennatha	5 Nuns beheaded in Persia: Thecla, Mariamne, Martha, Mary, & Enmatha	0.88
present	06-09	Saint Columba of Iona, Enlightener of Scotland	St Columba of Iona (597)	1.0
missing	06-09	Saint John of Shavta-Gelati		0.0
missing	06-09	Saint David Gareji, and Venerable Lucian, spiritual son of Saint David		0.0
present	06-10	Hieromartyr Timothy, Bishop of Prusa	Hieromartyr Timothy, Bishop of Prusa	1.0
elsewhere	06-10	Venerable Silvanus the Schemamonk, of the Kiev Far Caves	08-28  Synaxis of the Kiev Cave Fathers	1.0
missing	06-10	Finding of the relics of Saint Basil, Bishop of Ryazan		0.0
present	06-10	Saint John Maximovitch, Metropolitan of Tobolsk	St John Maximovitch, Metropolitan of Tobolsk	1.0
present	06-10	Martyr Alexander and Virgin Martyr Antonina at Constantinople	Holy Martyrs Alexander and Antonina (313)	1.0
missing	06-10	Saint Kanides the Monk of Cappadocia		0.0
present	06-10	Venerable Theophanes and Saint Pansemne of Antioch	Theophanes & Pansemne of Antioch	1.0
missing	06-10	Saint Bassianus, Bishop of Lodi in Liguria		0.0
missing	06-10	Synaxis of the Saints of Ryzan		0.0
missing	06-10	Synaxis of the Saints of Siberia		0.0
missing	06-10	Saint Neaniskos the Martyr		0.0
probable	06-11	Apostle Bartholomew of the Twelve	Holy Apostles Bartholomew and Barnabas	0.5
probable	06-11	Apostle Barnabas of the Seventy	Holy Apostles Bartholomew and Barnabas	0.5
probable	06-11	Venerable Barnabas, Abbot of Vetluga	Holy Apostles Bartholomew and Barnabas	0.5
missing	06-11	Uncovering of the relics of Venerable Ephraim, Abbot of Novy Torg		0.0
probable	06-11	Synaxis of the “Axion Estin” Icon of the Mother of God	"Commemoration of the appearance of the Archangel Gabriel to a monk on Mt Athos, and the revelation of the hymn ""It is Truly Meet"" (Axion Estin (980)"	0.5
elsewhere	06-11	Hieromartyr Metrophanes (Chang Tzi-tzung), first Chinese priest and the martyrs of the Boxer Rising in China	06-10  Hieromartyr Metrophanes, first Chinese priest, and the Chinese New Martyrs of the Boxer Uprising (1900)	0.83
present	06-11	Saint Luke, Archbishop of Simferopol	St Luke, Archbishop of Simferopol	1.0
missing	06-11	Abul Icon of the Mother of God		0.0
present	06-12	Venerable Onuphrius the Great	Ven. Onuphrius the Great	1.0
missing	06-12	Venerable Peter of Mount Athos		0.0
missing	06-12	Recovery of the Relics (1650) and the Second Glorification (1909) of the Holy Venerable Right-believing Great Princess Anna of Kashin, Wonderworker		0.0
missing	06-12	Venerable Arsenius, Abbot of Konevits		0.0
probable	06-12	Venerable Onuphrius, Abbot of Malsk, Pskov	Ven. Onuphrius the Great	0.5
missing	06-12	Venerable Bassian of Pertomsk, Solovki		0.0
probable	06-12	Venerable Onouphrios and Auxentios of Vologda	Ven. Onuphrius the Great	0.5
missing	06-12	Venerable Stephen of Komel, Abbot of Ozersk Monastery, Vologda		0.0
missing	06-12	Venerable John, Andrew, Heraclemon, and Theophilus, Hermits, of Egypt		0.0
missing	06-12	Saint (John) Tornike of Mount Athos		0.0
missing	06-12	Venerable Jonah of Pertomsk, Solovki		0.0
missing	06-12	Transfer of the relics of the Right-Believing Anna of Kashin		0.0
present	06-13	Martyr Aquilina of Byblos in Syria	Martyr Aquilina of Byblos	1.0
present	06-13	Saint Triphyllius, Bishop of Leucosia (Nicosia), Cyprus	Saint Triphyllius, bishop of Leucosia (Nicosia) in Cyprus (370)	1.0
missing	06-13	Venerable Andronikos, Disciple of Saint Sergius		0.0
missing	06-13	Venerable Savva, Abbot of Moscow		0.0
missing	06-13	Martyr Antonina of Nicea		0.0
present	06-13	Saint Anna and her son, Saint John, of Constantinople	St Anna and her son John (5h c.)	1.0
missing	06-13	Venerable James, who was deceived and worshiped the Antichrist		0.0
missing	06-13	Saint Antipater, Bishop of Bostra, Arabia		0.0
missing	06-13	Saint Anthimus, Bishop of Georgia		0.0
missing	06-13	10,000 Martyrs		0.0
missing	06-13	The Finding of the Holy Relics of Saint Nicholas the Deacon of Lesbos		0.0
missing	06-14	Synaxis of the Saints of North America		0.0
probable	06-14	Glorification of Saint John of Kronstadt	St John Mavropos, Metropolitan of Euchaïta(1100)	0.33
present	06-14	Prophet Elisha	Prophet Elisha	1.0
present	06-14	Saint Methodius, Patriarch of Constantinople	St Methodios, Patriarch of Constantinople (847)	1.0
missing	06-14	Saint Mstislav (George), Prince of Novgorod		0.0
probable	06-14	Venerable Methodius, Abbot of Peshnosha	St Methodios, Patriarch of Constantinople (847)	0.5
present	06-14	Venerable Elisha of Suma, Solovki	Prophet Elisha	1.0
missing	06-14	Venerable Niphon of Mount Athos		0.0
missing	06-14	Synaxis of the Saints of Belarus		0.0
missing	06-14	Synaxis of the Saints of Diveyevo		0.0
present	06-15	Prophet Amos	Prophet Amos	1.0
probable	06-15	Saint Jonah, Metropolitan of Moscow	St Jonah, Metr. of Moscow	0.67
missing	06-15	Venerable Cassian and Gregory, Abbots of Avnezh, Vologda		0.0
present	06-15	Martyrs Modestus, Crescentia, and Vitus, at Lucania	Holy Martyr Vitus, with Modestus and Crescentia (303)	1.0
missing	06-15	Martyr Doulas of Cilicia		0.0
missing	06-15	Saint Doulas, Passion-Bearer of Egypt		0.0
present	06-15	Saint Jerome (Hieronymus) of Stridon	Our Righteous Father Hieronymus	1.0
elsewhere	06-15	Translation of the relics of Saint Theodore the Sykeote	04-22  St Theodore the Sykeote	1.0
present	06-15	Right-believing Prince Lazarus the Great Martyr of Serbia	Holy Martyr Lazar, Prince of Serbia (1389)	1.0
missing	06-15	Saint Ephraim the Bulgarian, Patriarch of Serbia		0.0
present	06-15	Blessed Augustine, Bishop of Hippo	Blessed Augustine, bishop of Hippo (430), and his mother Monica (387)	1.0
missing	06-15	“Marianica” Icon of the Mother of God		0.0
elsewhere	06-15	Saint Michael, first Metropolitan of Kiev	09-30  Our Father among the Saints Michael, Metropolitan of Kiev (992)	1.0
missing	06-15	Saint Theophanes of the Roslavl Forests		0.0
missing	06-15	Apostles Fortunatus, Akhaikos, and Stephanas of the 70		0.0
missing	06-15	Voronin Icon of the Mother of God		0.0
probable	06-16	Saint Tikhon, Bishop of Amathus in Cyprus	Ven. Tikhon of Kaluga	0.33
probable	06-16	Venerable Tikhon of Kaluga Or Medin	Ven. Tikhon of Kaluga	0.67
probable	06-16	Venerable Tikhon of Luchov, Kostroma	Ven. Tikhon of Kaluga	0.33
present	06-16	Martyrs Tigrius the Presbyter and Eutropius the Reader, of Constantinople	Holy Martyrs Tigrios and Eutropios (404)	1.0
missing	06-16	Saint Kaikhosro the Georgian		0.0
missing	06-16	Venerable Moses of Optina		0.0
present	06-17	Martyrs Manuel, Sabel, and Ismael, of Persia	Martyrs Manuel, Sabel, Ismael of Persia	1.0
missing	06-17	Martyr Nectan of Hartland		0.0
missing	06-17	Saint Shalva of Akhaltsikhe		0.0
probable	06-17	Venerable Botolph of Iken	Our Holy Father Botolph, Abbot of the Monastery of Ikanhoe (680)	0.5
missing	06-17	Saint Hervius of Plouvien		0.0
missing	06-17	Venerable Ananias the Iconographer		0.0
present	06-18	Martyrs Leontius, Hypatius, and Theodulus at Tripoli in Syria	Martyr Leontius, Hypatius, and Theodoulos	1.0
probable	06-18	Venerable Leontius of the Kiev Far Caves	Martyr Leontius, Hypatius, and Theodoulos	0.33
probable	06-18	Venerable Leontius the Hagiorite	Martyr Leontius, Hypatius, and Theodoulos	0.5
missing	06-18	“Bogolyubov” Icon of the Mother of God		0.0
present	06-19	Apostle Jude the Brother of the Lord	Holy Apostle Jude, Brother of the Lord	1.0
missing	06-19	Venerable Barlaam of Shenkursk		0.0
present	06-19	Martyr Zosimus the Soldier at Antioch, in Pisidia	Holy Martyr Zosima	1.0
present	06-19	Venerable Paisius the Great	Our Holy Father Païsius the Great of Egypt (400)	1.0
missing	06-19	Saint John the Solitary of Jerusalem		0.0
probable	06-19	Venerable Paisius of Hilandar, Bulgaria	Our Holy Father Païsius the Great of Egypt (400)	0.5
elsewhere	06-19	Repose of Saint Job, Patriarch of Moscow and all Russia	10-09  Repose of St Tikhon, Patriarch of Moscow and All Russia, Confessor (1925)	0.75
present	06-20	Hieromartyr Methodius, Bishop of Patara	Hieromartyr Methodius, Bishop of Patar	1.0
missing	06-20	Blessed Prince Gleb Andreevich, son of Saint Andrew Bogoliubsky		0.0
elsewhere	06-20	Translation of the relics of Saint Gurias, Archbishop of Kazan	10-04  Unc. Rel. Gurias of Kazan and Varsanuphy of Tver	1.0
elsewhere	06-20	Martyrs Inna, Pinna, and Rimma, disciples of Apostle Andrew in Scythia	01-20  Holy Martyrs Inna, Pinna and Rimma (Nirra) (1st – 2nd c.)	0.75
missing	06-20	Martyrs Aristocles the Presbyter, Demetrian the Deacon, and Athanasius the Reader, of Cyprus		0.0
missing	06-20	Saint Leucius, Bishop of Brindisi		0.0
present	06-20	Saint Callistus, Patriarch of Constantinople	St Kallistos I, Patriarch of Constantinople (1363)	1.0
missing	06-20	Saint Menas, Bishop of Polotsk		0.0
present	06-20	Venerable Nicholas Cabasilas	Nicholas Cabasilas of Thessaloniki	1.0
probable	06-20	Saint Nahum of Ochrid, disciple of Saints Cyril and Methodius, Equals of the Apostles	Hieromartyr Methodius, Bishop of Patar	0.5
missing	06-20	Hodegetria Icon of the Mother of God (Παναγία Οδηγήτρια)		0.0
missing	06-21	Venerable Ananias the Iconographer		0.0
present	06-21	Martyr Julian of Tarsus, in Cilicia	Martyr Julian of Tarsus	1.0
missing	06-21	Hieromartyr Terence, Bishop of Iconium		0.0
present	06-21	Saint Julius, Presbyter of Novara, and his brother, Saint Julian the Deacon	Our Holy Fathers Julius and Julian (5th c.)	1.0
missing	06-21	Martyr Archil II, King of Georgia		0.0
missing	06-21	Martyr Luarsab II, King of Georgia		0.0
missing	06-21	Venerable Anastasia of Serbia		0.0
missing	06-21	New Martyr Nikḗtas of Nisyros near Rhodes		0.0
present	06-22	Hieromartyr Eusebius, Bishop of Samosata	Hieromartyr Eusebius, Bishop of Samosata	1.0
present	06-22	Martyrs Zeno and his servant, Zenas, of Philadelphia	Martyrs Zeno and Zenas of Philadelphia	1.0
missing	06-22	Martyrs Galacteon, Juliana, and Saturninus, of Constantinople		0.0
probable	06-22	Saint Alban, Protomartyr of Britain	St Alban, First Martyr of Great Britain (early 3rd c.)	0.67
missing	06-22	Hieromartyr Nikḗtas of Remesiana		0.0
missing	06-22	Martyr Nikḗtas the Dacian		0.0
missing	06-22	Saint Gregory, Metropolitan of Wallachia		0.0
present	06-23	Martyr Agrippina of Rome	Martyr Agrippina of Rome	1.0
missing	06-23	Righteous Artemius of Verkola		0.0
missing	06-23	Second Translation of the relics of Saint Herman, Archbishop of Kazan		0.0
missing	06-23	Martyrs Eustochius, Gaius, Probus, Lollius, and Urban, of Ancyra		0.0
missing	06-23	Synaxis of the Saints of Vladimir		0.0
present	06-23	Meeting of the Vladimir Icon of the Mother of God in memory of the Saving of Moscow from the Invasion of Khan Achmed	Commemoration of the Vladimir Icon of the Most Holy Mother of God	0.75
probable	06-23	“Tenderness” Icon of the Mother of God of the Pskov Caves	Commemoration of the Vladimir Icon of the Most Holy Mother of God	0.5
missing	06-23	Nikḗtas of Thebes and those with him		0.0
missing	06-23	Saint Etheldreda of Ely		0.0
probable	06-23	Úglich Portaίtissa (Gatekeeper) Icon of the Mother of God	Commemoration of the Vladimir Icon of the Most Holy Mother of God	0.5
present	06-24	Nativity of the Holy Glorious Prophet, Forerunner and Baptist, John	Nativity of St John the Baptist	1.0
missing	06-24	Venerable Anthony, Abbot of Dymsk, Novgorod		0.0
probable	06-24	Righteous Youths John and Jacob (James) of Meniugi	Nativity of St John the Baptist	0.33
present	06-24	Seven Martyred Brothers: Orentius, Pharnacius, Eros, Firmus, Firminus, Cyriacus, and Longinus, in Georgia	Holy Martyrs Orentius, Pharnacius, Eros, Firmus, Firminus, Cyriacus and Longinus (3rd c.)	1.0
present	06-24	Saint Athanasius Parios	Athanasios Parios	1.0
missing	06-24	Venerable Barlaam of Khutin		0.0
present	06-25	Virgin Martyr Febronia of Nisibis	Virgin Martyr Febronia	1.0
present	06-25	Saints Peter and Fevronia (tonsured David and Euphrosyne), Wonderworkers of Murom	Peter and Fevronia of Murom	1.0
probable	06-25	Saint Dionysios, the builder of Prodromou Monastery, Mount Athos	Our Holy Father Dionysios, founder of the Monastery of St John the Forerunner on Mt Athos (1380)	0.5
missing	06-25	Venerable Dometius of Dionysiou		0.0
present	06-25	Monastic Martyr Procopius of the Ivḗron Monastery on Mount Athos	Prokopios the New Martyr	1.0
present	06-25	New Martyr Procopius of Varna	Prokopios the New Martyr	1.0
missing	06-25	Venerable Nikon of Optina		0.0
missing	06-25	New Martyr George of Attalia		0.0
missing	06-25	Saint Moloug of Lismore		0.0
missing	06-25	Saint Theoleptos, Metropolitan of Philadelphia		0.0
present	06-26	Saint David of Thessaloniki	Ven. David of Thessalonica	1.0
missing	06-26	Saint Dionysius, Archbishop of Suzdal		0.0
missing	06-26	Translation of the relics of Saint Tikhon of Luchov, Kostroma		0.0
missing	06-26	Saint John, Bishop of the Goths in the Crimea		0.0
present	06-26	Appearance of the Tikhvin Icon of the Mother of God	Tikhvin Icon	1.0
probable	06-26	“Seven Lakes” Icon of the Mother of God	Tikhvin Icon	0.5
probable	06-26	“Neamts” Icon of the Mother of God	Tikhvin Icon	0.5
probable	06-26	Icon of the Mother of God of Lydda or “the Roman”	Tikhvin Icon	0.5
missing	06-26	Feast of All Saints of Georgia		0.0
probable	06-26	New Martyr David of Saint Anne's Skete	Ven. David of Thessalonica	0.33
present	06-27	Saint Sampson the Hospitable of Constantinople	Ven. Sampson the Hospitable of Constantinople	1.0
probable	06-27	Saint Joanna the Myrrhbearer	St Joanna the Myrrh-bearer (1st c.)	0.5
missing	06-27	Venerable Serapion of Kozhe Lake		0.0
probable	06-27	Saint Severus the Presbyter of Interocrea, Italy	St Severus the Priest (6th c.)	0.5
missing	06-27	Venerable George of Mount Athos		0.0
missing	06-27	Finding of the relics of Venerable Ambrose of Optina		0.0
missing	06-27	Venerable Martin of Turov		0.0
missing	06-27	Hieromartyr Kirion II, Catholicos-Patriarch of All Georgia		0.0
probable	06-28	Translation of the Relics of the holy and wonderworking Unmercenaries Cyrus and John	Trans. Rel. Ven. Cyrus and John	0.5
missing	06-28	Venerable Xenophon, Abbot of Robeika, Novgorod		0.0
present	06-28	Venerable Sergius and Herman, Wonderworkers of Valaam	Sergius and Herman, Wonderworkers of Valaam	1.0
present	06-28	Saint Paul, Physician of Corinth	St. Paul the Physician, of Corinth	1.0
present	06-28	Icon of the Mother of God “Of the Three Hands”	"Synaxis of the Icon of our Most Holy Lady the Theotokos ""Of the Three Hands"""	0.75
missing	06-28	Hieromartyr Basil		0.0
present	06-28	Holy Martyr Pappias	Pappias the Martyr	1.0
probable	06-28	Venerable Confessor Sergius of Paphlagonia	Sergius and Herman, Wonderworkers of Valaam	0.5
present	06-29	The Holy Glorious and All-Praised Leaders of the Apostles, Peter and Paul	Holy Apostles Peter and Paul	1.0
probable	06-29	The Holy Glorious and All-Praised Leader of the Apostles, Peter	Holy Apostles Peter and Paul	0.5
probable	06-29	The Holy Glorious and All-Praised Leader of the Apostles, Paul	Holy Apostles Peter and Paul	0.5
missing	06-29	Icon of the Mother of God of Kasperov		0.0
elsewhere	06-30	Synaxis of the Holy, Glorious and All-Praised Twelve Apostles	06-29  The Holy, Glorious and All-praised Leaders of the Apostles, Peter and Paul	0.75
missing	06-30	Saint Peter, Prince of Ordinsk, Rostov		0.0
missing	06-30	Translation of the relics of Saint Sophronius, Bishop of Irkutsk		0.0
missing	06-30	Icon of the Mother of God of Balikin		0.0
missing	06-30	Saint Gelasius of Rimet		0.0
missing	06-30	Holy Queen Dinar		0.0
present	07-01	Holy Wonderworking Unmercenary Physicians Cosmas and Damian at Rome	Unmercenary Wonderworkers Cosmas and Damian	0.75
missing	07-01	Martyr Potitus at Naples		0.0
missing	07-01	Venerable Peter of Constantinople		0.0
missing	07-01	Saint Angelina of Serbia		0.0
elsewhere	07-01	Translation of the relics of Venerable John of Rila from Trnovo to Rila	08-18  Our Holy Father John, Abbot of Rila (946)	1.0
missing	07-01	Saint Leontius of Rădăuţi		0.0
present	07-02	Saint John [Maximovitch], Archbishop of Shanghai and San Francisco	St John (Maximovich), Archbishop of Shanghai and San Francisco (1966) (June 19 OC)	0.8
probable	07-02	The Placing of the Honorable Robe of the Most Holy Mother of God at Blachernae	Robe of the Theotokos at Blachernae	0.67
missing	07-02	Saint Photius, Metropolitan of Kiev		0.0
present	07-02	Saint Juvenal, Patriarch of Jerusalem	St Juvenal, Patriarch of Jerusalem (458)	1.0
missing	07-02	Icon of the Mother of God of Akhtyr		0.0
missing	07-02	Icon of the Mother of God of Pozhai		0.0
missing	07-02	Icon of the Mother of God of Theodotiev		0.0
missing	07-02	Saint Stephen the Great		0.0
present	07-03	Martyr Hyacinth of Caesarea, in Cappadocia, and those with him	Martyr Hyacinth	1.0
probable	07-03	Translation of the relics of Hieromartyr Philip, Metropolitan of Moscow	Trans. Rel. Philip, Metr. Moscow	0.67
probable	07-03	Venerable Anatolius of the Kiev Near Caves	Our Father among the Saints Anatolios, Archbishop of Constantinople (458)	0.5
probable	07-03	Venerable Anatolius the Recluse of the Kiev Far Caves	Our Father among the Saints Anatolios, Archbishop of Constantinople (458)	0.5
missing	07-03	Saint Basil, Bishop of Ryazan		0.0
missing	07-03	Right-believing Princes Basil and Constantine Vsevolodovich of Yaroslavl		0.0
missing	07-03	Venerable John, Wonderworker of Yarenga, Solovki		0.0
missing	07-03	Venerable Longinus, Wonderworker of Yarenga, Solovki		0.0
elsewhere	07-03	Blessed John of Moscow the Fool-For-Christ	07-21  Our Righteous Fathers John and Symeon, the Fool for Christ's Sake (570)	0.8
missing	07-03	Venerable Νikόdēmos, Abbot of Kozhe Lake		0.0
missing	07-03	Martyrs Mark and Mocius		0.0
present	07-03	Saint Alexander, founder of the Monastery of the “Unsleeping Ones”	Our Holy Father Alexander, founder of the Monastery of the Unsleeping Ones (430)	1.0
present	07-03	Saint Anatolius, Patriarch of Constantinople	Our Father among the Saints Anatolios, Archbishop of Constantinople (458)	1.0
missing	07-03	Monastic Martyr Gerasimus the New of Carpenision		0.0
missing	07-03	Icon of the Mother of God the “Milk-Giver” of the Hilandar Monastery on Mount Athos		0.0
missing	07-03	Saint George the God-Bearer		0.0
elsewhere	07-04	Finding of the relics of Venerable Maximus the Greek (July 4, 1996)	01-21  Our Holy Father Maximos the Greek (1556)	1.0
present	07-04	Saint Andrew, Archbishop of Crete	St Andrew of Crete	1.0
present	07-04	Venerable Andrew Rublev the Iconographer	St Andrew (Rublev), iconographer (1430)	1.0
probable	07-04	Venerable Martha, mother of Venerable Simeon Stylites the Younger	St Martha, mother of St Symeon of the Wonderful Mountain (551)	0.5
probable	07-04	Burial of Saint Andrew the Prince	St Andrew of Crete	0.5
missing	07-04	Uncovering of the relics of Venerable Euthymius, Archimandrite of Suzdal		0.0
elsewhere	07-04	Martyr Theodotus and Theodotia at Caesarea, in Cappadocia	09-02  Martyr Mamas of Caesarea in Cappadocia (275), and his parents, Martyrs Theodotus and Rufina	0.75
missing	07-04	Hieromartyr Theodore, Bishop of Cyrene in Libya, and those with him		0.0
missing	07-04	Venerable Tikhon, Vasily and Nikon, Monks of Solovki		0.0
missing	07-04	Icon of the Mother of God of Galatea		0.0
missing	07-04	Hieromartyr Platon the Newmartyr of Banjaluka		0.0
missing	07-04	Hieromartyr George		0.0
missing	07-04	Saint Savva, Bishop of Gornjikarlovci		0.0
present	07-05	Venerable Athanasius, founder of the Great Lavra and Coenobitic Monasticism on Mount Athos, and his six disciples	St Athanasius of Mt Athos (1003) and his six disciples	1.0
present	07-05	Uncovering of the relics of Venerable Sergius of Radonezh	Uncovering of the Relics (1422) of St Sergius of Radonezh (1392)	1.0
missing	07-05	Martyr Anna at Rome		0.0
missing	07-05	Martyr Cyrilla of Cyrene in Libya, a widow		0.0
present	07-05	Hieromartyr Lampados of Irenopolis	Righteous Father Lampadus the Wonderworker	1.0
present	07-05	Hieromartyr Cyprian of Mount Athos	Our Holy Father the New Martyr Cyprian (1679)	1.0
missing	07-05	“Economissa” Icon of the Mother of God		0.0
present	07-06	Venerable Sisoes the Great	Ven. Sisoes the Great	1.0
probable	07-06	Venerable Sisoes the Schemamonk of the Kiev Far Caves	Ven. Sisoes the Great	0.5
missing	07-06	Uncovering of the relics of Holy Princess Juliana Olshanskaya		0.0
present	07-06	Martyr Marinus, his wife Martha, their children, and those with them at Rome	Holy Martyrs Marinus and Martha, and those with them (269)	1.0
missing	07-06	Martyr Isaurius the Deacon of Apollonia in Macedonia and those with him		0.0
missing	07-06	Confessor and Wonderworker Quintus of Phrygia		0.0
missing	07-06	Martyr Lucy, and those with her, at Rome		0.0
missing	07-06	Synaxis of the Saints of Radonezh		0.0
probable	07-07	Venerable Thomas of Mount Maleos	Ven. Thomas of Mt Maleon	0.33
missing	07-07	Venerable Acacius of Sinai, who is mentioned in the Ladder		0.0
missing	07-07	Venerable Eudokia (in monasticism Euphrosyne), Grand Duchess of Moscow		0.0
missing	07-07	Martyrs Peregrinus, Lucian, Ompeius, Hesychius, Papius, Saturninus, and Germanus, of Dyrrachium in Macedonia		0.0
missing	07-07	Martyr Evangelicus, Bishop of Tomis, Constanța in Romania		0.0
present	07-07	Martyr Kyriake of Nicomedia	Holy Martyr Kyriake of Nicomedia (289)	1.0
missing	07-07	Translation of the “Blachernae” Icon of the Mother of God to Russia		0.0
missing	07-07	Saint Prosper of Aquitaine		0.0
probable	07-08	“Our Lady of Sitka” Icon of the Mother of God	"Appearance of the ""Kazan"" icon of the Most Holy Theotokos (1579)"	0.25
present	07-08	Greatmartyr Procopius of Caesarea, in Palestine	Greatmartyr Procopius of Caesarea	1.0
present	07-08	Righteous Procopius the Fool-For-Christ and Wonderworker of Ustya, Vologda	St Procopius, Fool for Christ (1303)	1.0
missing	07-08	Kazan Icons of the Mother of God in Kazan, St. Petersburg, and Moscow		0.0
probable	07-08	“Tenderness” Icon of the Mother of God in Novgorod	"Appearance of the ""Kazan"" icon of the Most Holy Theotokos (1579)"	0.25
missing	07-08	Monastic Martyrs Epictetus and Astion, at Halmyris		0.0
probable	07-08	Miracle of the Annunciation Icon of the Mother of God at Ustiug	"Appearance of the ""Kazan"" icon of the Most Holy Theotokos (1579)"	0.2
present	07-08	Venerable Theophilus the Myrrhgusher of Macedonia	Ven. Theophilus the Myrrhgusher of Macedonia	1.0
probable	07-08	Icon of the Mother of God of Tambov	"Appearance of the ""Kazan"" icon of the Most Holy Theotokos (1579)"	0.33
missing	07-08	Royal Martyr Mirdat, King of Kartli		0.0
probable	07-08	Kazan-Yaroslavl Icon of the Mother of God	"Appearance of the ""Kazan"" icon of the Most Holy Theotokos (1579)"	0.5
present	07-09	Hieromartyr Pancratius, Bishop of Taormina in Sicily	Hieromartyr Pancratius, Bishop of Taormina	1.0
missing	07-09	Hieromartyr Cyril, Bishop of Gortyna in Crete		0.0
present	07-09	Martyrs Patermuthius, Coprius, and Alexander the Soldier, in Egypt	Patermuthius the Monk	1.0
elsewhere	07-09	Saint Theodore, Bishop of Edessa	07-19  Saint Theodore, Bishop of Edessa	1.0
missing	07-09	Saint Dionysios the Rhetorician and his disciple Saint Mētrophánēs		0.0
missing	07-09	Icon of the Mother of God of Koloch		0.0
missing	07-09	Icon of the Mother of God of Cyprus		0.0
present	07-10	Venerable Anthony of the Kiev Far Caves, Founder of Monasticism in Russia	Ven. Anthony of the Kiev Caves	0.75
missing	07-10	45 Holy Martyrs at Nicopolis in Armenia		0.0
present	07-10	The Placing of the Honorable Robe of the Lord at Moscow	The Placing of the Precious Robe of the Lord in Moscow (1625)	0.8
probable	07-10	Venerable Silvanus the Schemamonk of the Kiev Far Caves	Ven. Anthony of the Kiev Caves	0.5
missing	07-10	Martyr Apollonius of Sardis		0.0
missing	07-10	Martyrs Bianor and Silvanus of Pisidia		0.0
probable	07-10	10,000 Martyred Fathers of the Deserts and Caves of Scete by the Impious Patriarch Theophilus of Alexandria	Ven. Anthony of the Kiev Caves	0.25
missing	07-10	Martyr Νikόdēmos of Elbassan Albania		0.0
missing	07-10	Monastic Martyr Nectarius of Saint Anne Skete on Mount Athos		0.0
missing	07-10	Icon of the Mother of God of Konevits		0.0
present	07-10	Saint Joseph, and his companions, of Damascus	Hieromartyr Joseph of Damascus & His Companions	1.0
present	07-11	Greatmartyr Euphemia the All-praised	Greatmartyr Euphemia	1.0
present	07-11	Equal-to-the-Apostles Blessed Great Princess Olga (in Holy Baptism Helen)	Blessed Princess Olga	1.0
missing	07-11	Hieromartyr Kindeos the Presbyter of Pamphylia		0.0
missing	07-11	Icon of the Mother of God of Rzhevsk		0.0
missing	07-11	New Monastic Martyr Νikόdēmos of Albania		0.0
missing	07-11	Transfer of the Relics of Saint Barbara		0.0
missing	07-11	Venerable Arcadius of Novotorsk		0.0
missing	07-11	Finding of the Relics of Saint Hilarion, Archbishop of Verey		0.0
present	07-12	Martyrs Proclus and Hilary of Ancyra	Martyrs Proclus and Hilary of Ancyra	1.0
present	07-12	Venerable Michael Maleinos	Our Holy Father Michael of Maleinus	1.0
missing	07-12	Martyrs Theodore and his son, John, of Kiev		0.0
elsewhere	07-12	Venerable Arsenius of Novgorod the Fool-For-Christ	07-27  Nicholas of Novgorod the fool-for-Christ	0.8
missing	07-12	Venerable Simon, Abbot of Volomsk		0.0
elsewhere	07-12	Martyr Golinduc (in Baptism Mary), of Persia	07-13  Holy Martyr Golinduc of Persia (6th c.)	1.0
missing	07-12	Venerable John the Georgian of Mount Athos		0.0
missing	07-12	Venerable Gabriel the Georgian of Mount Athos		0.0
missing	07-12	Icon of the Mother of God “of the Three Hands” on Mount Athos		0.0
present	07-12	Saint Veronica (Bernice), the woman with the issue of blood	St Veronica, the woman with the issue of blood who was healed by the Savior	0.8
missing	07-12	Saint Serapion the New		0.0
present	07-12	Venerable Paisios of the Holy Mountain	Saint Païsios of the Holy Mountain (1994) (June 29 OC)	1.0
missing	07-12	Prodromitsa Icon of the Mother of God		0.0
present	07-13	Synaxis of the Archangel Gabriel	Synaxis of Archangel Gabriel	1.0
present	07-13	Venerable Stephen of Saint Savva Monastery	Stephen of Mar Sabbas Monastery	1.0
present	07-13	Saint Julian, Bishop of Cenomanis (Le Mans), Gaul	Saint Julian, Bishop of Cenomanis (Le Mans) (1st c.)	1.0
present	07-13	Martyr Serapion	Serapion the Martyr	1.0
present	07-13	Martyr Marcian of Iconium	Marcian the Martyr of Iconium	1.0
missing	07-13	“It Is Truly Meet” (“Axion Estin”) Icon of the Mother of God		0.0
missing	07-13	Saint Just of Penwith		0.0
missing	07-13	Virgin Abbess Sarah of Sketis in Libya		0.0
present	07-14	Apostle Aquila of the Seventy	Apostle Aquila of the Seventy and St Priscilla	1.0
missing	07-14	Venerable Stephen, Abbot of Makhrishche, Vologda		0.0
present	07-14	Martyr Justus at Rome	Justus the Martyr	1.0
missing	07-14	Venerable Hellius of Egypt		0.0
missing	07-14	Venerable Onesimus of Magnesia		0.0
probable	07-14	Repose of Venerable Nikodemos the Hagiorite	St Nikodemos of the Holy Mountain, spiritual writer (1809)	0.5
present	07-15	Holy Great Prince Vladimir (Basil in Baptism), Equal of the Apostles, and Enlightener of Rus'	Great Prince Vladimir, Equal-to-the-Apostles, Enlightener of the Lands of Rus	0.8
probable	07-15	Saint Quiricus (Kḗrykos) and his mother Julitta	Holy Martyrs Cyricus and His Mother Julitta (304)	0.5
missing	07-15	Martyr Aboudimos of the Isle of Tenedos		0.0
present	07-16	Hieromartyr Athenogenes, Bishop of Heracleopolis, and his ten disciples	Hieromartyr Athenogenes, Bishop of Heracleopolis	1.0
missing	07-16	Martyrs Paul and two sisters, Chionia (Thea) and Alevtina (Valentina), at Cæsarea in Palestine		0.0
missing	07-16	Martyr Antiochus the Physician of Sebaste		0.0
present	07-16	Virgin Martyr Julia of Carthage	Julia the Virgin-martyr of Carthage	1.0
missing	07-16	New Martyr John of Trnovo		0.0
missing	07-16	Icon of the Mother of God of Chirsk-Pskov		0.0
present	07-17	Great Martyr Marina (Margaret) of Antioch	Greatmartyr Marina	1.0
missing	07-17	Venerable Irenarchus, Abbot of Solovki		0.0
missing	07-17	Translation of the relics of Venerable Lazarus of Mount Galesius near Ephesus		0.0
probable	07-17	Royal Passionbearers Tsar Nicholas (Nikolai), Tsaritsa Alexandra, Tsarevich Aleksy, Grand Duchesses Olga, Tatiana, Maria, Anastasia	Holy Royal Martyrs of Russia (Tsar Nicholas II and His Family) (1918)	0.6
missing	07-17	Venerable Leonid of Ustnedumsk		0.0
missing	07-17	Icon of the Mother of God of Sviatogorsk		0.0
present	07-18	Martyr Emilian of Silistria in Bulgaria	Martyr Emilian of Silistria	1.0
missing	07-18	Martyr Hyacinthus of Amastridea		0.0
missing	07-18	Venerable John the Long-Suffering of the Kiev Near Caves		0.0
probable	07-18	Venerable Pambo the Recluse of the Kiev Far Caves	St Pambo, hermit of Egypt (374? 386?)	0.33
present	07-18	Venerable Pambo the Hermit of Egypt	St Pambo, hermit of Egypt (374? 386?)	1.0
missing	07-18	Grand Duchess Elizabeth		0.0
missing	07-18	Nun-martyr Barbara		0.0
missing	07-18	Icon of the Mother of God of Tolga		0.0
missing	07-18	Hieromartyr Kozman		0.0
probable	07-19	Fathers of the First Six Councils	Fathers of the 1st Six Ecumenical Councils	0.67
present	07-19	Uncovering of the relics of Venerable Seraphim of Sarov	Unc. Rel. Ven. Seraphim of Sarov	1.0
present	07-19	Venerable Macrina, sister of Saint Basil the Great	St Macrina, sister of St Basil the Great and St Gregory of Nyssa (380)	1.0
present	07-19	Venerable Dius, Abbot of Antioch	Dius, Abbot of Antioch	1.0
missing	07-19	Right-believing Prince Roman of Ryazan		0.0
elsewhere	07-19	Venerable Paisius of the Kiev Far Caves	08-28  Synaxis of the Kiev Cave Fathers	1.0
elsewhere	07-19	Blessed Stephen, King of Serbia	09-24  St Stephen, First-crowned King of Serbia (Simon the Monk) (1224)	1.0
missing	07-19	Holy Right-believing Princess Militsa of Serbia		0.0
present	07-19	Saint Theodore of Edessa, Mesopotamia	Saint Theodore, Bishop of Edessa	1.0
present	07-20	Holy, Glorious Prophet Elijah	Holy Prophet Elijah	1.0
elsewhere	07-20	Repose of Venerable Abramius of Galich or Chukhloma Lake, disciple of Venerable Sergius of Radonezh	09-25  Our Holy Father Sergius of Radonezh (1392)	1.0
elsewhere	07-20	Uncovering of the relics of Venerable Athanasius, Abbot of Brest-Litovsk	09-05  Holy Hieromartyr Athanasius of Brest-Litovsk (1649)	1.0
missing	07-20	“Chukhloma” Icon of the Mother of God from Galich		0.0
missing	07-20	Martyr Ilia Chavchavadze of Georgia		0.0
present	07-20	Righteous Martyr Maria (Skobtsova)	Martyrs Maria (Skobtsova), Dimitri (Klepenin) and those with them, who perished in the Nazi concentration camps (1944-1945)	1.0
missing	07-20	Priestmartyr Demetrius (Klepinine)		0.0
missing	07-20	Priestmartyr Alexei (Medvedkov)		0.0
missing	07-20	Martyr Salome the Georgian		0.0
missing	07-20	Righteous Aaron		0.0
present	07-21	Prophet Ezekiel	Prophet Ezekiel	1.0
present	07-21	Venerable Simeon of Emessa the Fool-For-Christ, and his fellow ascetic Venerable John	Our Righteous Fathers John and Symeon, the Fool for Christ's Sake (570)	0.83
elsewhere	07-21	Venerable Onuphrius the Silent and Venerable Onesimos the Recluse, of the Kiev Caves	08-28  Synaxis of the Kiev Cave Fathers	1.0
missing	07-21	Icon of the Mother of God of Armatia		0.0
missing	07-21	The Finding of the honored relics of the Venerable right-believing Great Princess and Nun Anna of Kashin, Wonderworker		0.0
present	07-22	Myrrhbearer and Equal of the Apostles Mary Magdalene	Holy Myrrhbearer Mary Magdalene, Equal-to-the-Apostles	1.0
elsewhere	07-22	Translation of the relics of the Hieromartyr Phocas, Bishop of Sinope	09-22  Hieromartyr Phocas, Bishop of Sinope	1.0
missing	07-22	Repose of Venerable Cornelius of Pereyaslavl		0.0
present	07-22	Martyr Markella of Chios	Martyr Markella of Chios	1.0
probable	07-23	Martyr Trophimus and 14 Others in Lycia	Martys Trophimus, Theophilus and Companions	0.33
present	07-23	Hieromartyr Apollinaris, Bishop of Ravenna	Hieromartyr Apollinarius, bishop of Ravenna (75)	1.0
probable	07-23	Icon of the Mother of God “the Joy of All who Sorrow” (with coins) in St. Petersburg	The Icons of the Most Holy Theotokos of Pochaev, Icon of the Mother of God	0.33
missing	07-23	Hieromartyr Vitalius, Bishop of Ravenna		0.0
present	07-23	Icon of the Mother of God of Pochaev	The Icons of the Most Holy Theotokos of Pochaev, Icon of the Mother of God	1.0
probable	07-23	Saint Anna of Leukadio	Righteous Anna (Hannah), mother of the prophet Samuel Righteous Anna (Hannah), mother of the prophet Samuel	0.5
probable	07-24	Martyrs and Passion-Bearers Boris and Gleb	Martyrs Boris and Gleb, Passionbearers	0.67
present	07-24	Martyr Christina of Tyre	Martyr Christina of Tyre (200)	1.0
elsewhere	07-24	Venerable Polycarp, Archimandrite of the Kiev Far Caves	08-28  Synaxis of the Kiev Cave Fathers	1.0
missing	07-24	Saint Hilarion of Tvali		0.0
missing	07-24	Synaxis of the Smolensk Saints		0.0
missing	07-24	Saint Athenagoras of Athens		0.0
present	07-25	Dormition of the Righteous Anna, the Mother of the Most Holy Theotokos	Dormition Righteous Anna, Mother of Theotokos	1.0
present	07-25	Holy Woman Olympias (Olympiada) the Deaconess of Constantinople	St Olympias the Deaconess (408)	1.0
missing	07-25	Virgin Martyr Eupraxia of Tabenna		0.0
missing	07-25	Venerable Makarios, Abbot of Zheltovod and Unzha		0.0
present	07-25	Commemoration of the Holy 165 Fathers of the Fifth Ecumenical Council	Commemoration of the holy 165 Fathers of the Fifth Ecumenical Council (553)	1.0
present	07-26	Repose of Saint Jacob Netsvetov, Enlightener of the Peoples of Alaska	Repose of St Jacob Netsvetov, Enlightener of the Peoples of Alaska	1.0
present	07-26	Hieromartyr Hermolaus and Martyrs Hermippus and Hermocrates at Nicomedia	Holy Hieromartyrs Hermolaus (305), Hermippus, and Hermocrates at Nicomedia	1.0
present	07-26	Venerable Moses the Hungarian of the Kiev Near Caves	Moses the Hungarian	1.0
present	07-26	Martyr Paraskevi of Rome	Holy Righteous Martyr Paraskeve (140)	1.0
missing	07-26	Venerable Geróntios, the Founder of the Skḗtē of Saint Anna on Mount Athos		0.0
missing	07-26	Icon of the Mother of God in Constantinople of “Emvolon”		0.0
elsewhere	07-26	Saint Savva III of Serbia	02-08  St Sabbas II, Archbishop of Serbia (1271)	1.0
missing	07-26	Holy Virgin Martyr Oraiozele, disciple of the Holy Apostle Andrew		0.0
present	07-27	Greatmartyr and Healer Panteleimon	Greatmartyr and Healer Panteleimon	1.0
present	07-27	Blessed Nicholas Kochanov the Fool-For-Christ at Novgorod	Nicholas of Novgorod the fool-for-Christ	1.0
present	07-27	Venerable Anthousa the Confessor	Anthousa the Righteous Confessor	1.0
present	07-27	Saint Clement of Ochrid, Equal of the Apostles, Bishop of Greater Macedonia, and his companions Nahum, Savva, Gorazd and Angelar	St Clement, Archbishop of Ochrid (916)	1.0
present	07-28	Holy Apostles of the Seventy and Deacons: Prochorus, Nicanor, Timon, and Parmenas	Apostles of 70 Prochorus, Nicanor, Timon, Parmenas	1.0
missing	07-28	Saint Pitirim, Bishop of Tambov		0.0
elsewhere	07-28	Venerable Moses, Wonderworker of the Kiev Caves	08-28  Synaxis of the Kiev Cave Fathers	1.0
missing	07-28	Martyr Julian of Dalmatia		0.0
missing	07-28	Martyr Eustathius (Eustace) of Apamea		0.0
present	07-28	Venerable Paul, founder of the Xeropotamou Monastery on Mount Athos	Our Righteous Father Paul of Xeropotamou	1.0
missing	07-28	Appearance of the Smolensk “Directress” Icon of the Mother of God brought from Constantinople		0.0
missing	07-28	Martyr Acacius of Apamea		0.0
missing	07-28	Martyr Melitina		0.0
probable	07-28	Saint Irene Chrysovolantou	St Irene, Abbess of the Convent of Chrysovalantou (912)	0.5
missing	07-28	Icon of the Mother of God of Greben		0.0
missing	07-28	Seraphim-Diveyevo Tenderness Icon of the Mother of God		0.0
missing	07-28	Icon of the Mother of God of White Lake		0.0
missing	07-28	Icon of the Mother of God of Kostroma		0.0
missing	07-28	Icon of the Mother of God of Ustiuzhena		0.0
missing	07-28	Icon of the Mother of God of Voroninsk		0.0
missing	07-28	Icon of the Mother of God of “Saint Christopher”		0.0
missing	07-28	Icon of the Mother of God of Suprasl		0.0
missing	07-28	Icon of the Mother of God of Vydropussk		0.0
missing	07-28	Icon of the Mother of God of Yuga		0.0
missing	07-28	Icon of the Mother of God of Igritsa		0.0
missing	07-28	Icon of the Mother of God of Shui		0.0
missing	07-28	“Seven Lakes” Icon of the Mother of God		0.0
missing	07-28	Icon of the Mother of God of the Trinity-Saint Sergius Lavra		0.0
missing	07-28	Venerable George the Builder		0.0
present	07-29	Martyr Callinicus of Gangra in Asia Minor	Martyr Callinicus of Gangra	1.0
missing	07-29	Venerable Constantine and Cosmas, Abbots of Kosinsk		0.0
present	07-29	Virgin Martyr Seraphima (Serapia) of Antioch	Holy Martyr Seraphima (2nd c.)	1.0
missing	07-29	Martyr Theodota and her three sons in Bithynia		0.0
missing	07-29	Martyr Eustathius of Mtskheta in Georgia		0.0
missing	07-29	Martyr Bessarion, Bishop of Smolyan		0.0
missing	07-29	Child Schemamonk Bogolep		0.0
missing	07-29	Saint Roman of Kirzhachsk		0.0
elsewhere	07-29	Martyr Michael “the Black-Robed” of Saint Savva Monastery	05-23  Holy Martyr Michael of St Sabbas' Monastery(9th c.)	1.0
missing	07-29	Nativity of Saint Nicholas the Wonderworker		0.0
missing	07-29	Martyr Michael		0.0
missing	07-29	Emperor Theodosios the Younger		0.0
present	07-30	Apostle Silas of the Seventy	Apostles Silas, Silvanus, Crescens, Epenetus, and Andronicus of the Seventy	1.0
present	07-30	Apostle Silvanus of the Seventy	Apostles Silas, Silvanus, Crescens, Epenetus, and Andronicus of the Seventy	1.0
present	07-30	Apostle Crescens of the Seventy	Apostles Silas, Silvanus, Crescens, Epenetus, and Andronicus of the Seventy	1.0
present	07-30	Apostle Epenetus of the Seventy	Apostles Silas, Silvanus, Crescens, Epenetus, and Andronicus of the Seventy	1.0
present	07-30	Apostle Andronicus of the Seventy	Apostles Silas, Silvanus, Crescens, Epenetus, and Andronicus of the Seventy	1.0
missing	07-30	Martyr John the Soldier at Constantinople		0.0
missing	07-30	Uncovering of the relics of Venerable Herman of Solovki		0.0
present	07-30	Hieromartyr Polychronius, Bishop of Babylon, and those with him	Hieromartyr Polychronius, Bishop of Babylon, and those with him (251)	1.0
probable	07-30	Hieromartyr Valentine, Bishop of Interamna, Terni in Italy, and those with him	Hieromartyr Polychronius, Bishop of Babylon, and those with him (251)	0.33
probable	07-30	Venerable Angelina of Serbia	Venerable Angelina, Princess of Albania.	0.5
missing	07-30	Icon of the Mother of God of Okonsk		0.0
missing	07-30	Venerable Anatole II of Optina		0.0
missing	07-30	Saint Tsotne Dadiani the Confessor		0.0
missing	07-30	Velikorets Icon of Saint Nicholas the Wonderworker		0.0
present	07-31	Forefeast of the Procession of the Honorable and Lifegiving Cross of the Lord	Forefeast of the Procession of the Lifegiving Cross	1.0
present	07-31	Righteous Eudocimus of Cappadocia	Righteous Eudocimus of Cappadocia (9th c.)	1.0
missing	07-31	Martyr Julitta at Caesarea		0.0
missing	07-31	Saint Germanus, Bishop of Auxerre		0.0
missing	07-31	Hieromartyr Benjamin, Metropolitan of Petrograd and Gdovsk, and those with him		0.0
missing	07-31	Saint Arsenius, Bishop of Ninotsminda		0.0
present	07-31	Righteous Joseph of Arimathea	Righteous Joseph of Arimathea	1.0
probable	08-01	Procession of the Honorable Wood of the Life-Giving Cross of the Lord (First of the three “Feasts of the Savior” in August)	Procession of the Lifegiving Cross	0.67
present	08-01	7 Holy Maccabee Martyrs	Holy Seven Maccabees, their mother Solomonia, and their teacher Eleazar (168 BC)	1.0
present	08-01	Martyr Solomonia, mother of the Holy Seven Maccabee Martyrs	Holy Seven Maccabees, their mother Solomonia, and their teacher Eleazar (168 BC)	1.0
present	08-01	Martyr Eleazar the Teacher of the Holy Seven Maccabee Martyrs	Holy Seven Maccabees, their mother Solomonia, and their teacher Eleazar (168 BC)	1.0
missing	08-01	Nine Martyrs of Perge in Pamphilia		0.0
missing	08-01	"""Foreteller"" Icon of the Mother of God"		0.0
probable	08-02	Translation of the relics of the Protomartyr and Archdeacon Stephen from Jerusalem to Constantinople	Trans. Rel. Protomartyr Stephen	0.5
missing	08-02	Finding of the relics of Righteous Saint Νikόdēmos		0.0
missing	08-02	Finding of the relics of Saint Gamaliel		0.0
missing	08-02	Finding of the relics of Saint Abibas		0.0
present	08-02	Blessed Basil of Moscow the Fool-For-Christ	Bl. Vasily, Fool-for-Christ	1.0
probable	08-02	Holy Fool Basil of Kamen	Bl. Vasily, Fool-for-Christ	0.67
present	08-02	Hieromartyr Stephen, Pope of Rome, and those with him	Hieromartyr Stephen, Pope of Rome (257), and those with him	1.0
missing	08-02	Saint Photeine of Cyprus, Wonderworker		0.0
present	08-03	Venerable Isaac the Ascetic of the Dalmatian Monastery at Constantinople	St Isaac, Founder of the Dalmatian Monastery	0.75
probable	08-03	Venerable Dalmatus the Ascetic of the Dalmatian Monastery at Constantinople	St Isaac, Founder of the Dalmatian Monastery	0.5
probable	08-03	Venerable Faustus the Ascetic of the Dalmatian Monastery at Constantinople	St Isaac, Founder of the Dalmatian Monastery	0.5
present	08-03	Venerable Anthony the Roman and Abbot of Novgorod	Ven. Anthony the Roman of Novgorod	1.0
missing	08-03	Martyr Razhden of Persia the Georgian		0.0
missing	08-03	Venerable Cosmas the Eunuch and Hermit of Palestine		0.0
missing	08-03	9 Kherkheulidze Brothers with their Mother and Sister and Nine Thousand Martyrs of Marabda		0.0
missing	08-03	Venerable Theodora and her daughter Theopiste		0.0
probable	08-03	Holy Myrrhbearer Salome	Holy Myrrh-bearer Salome	0.5
present	08-04	7 Holy Youths “Seven Sleepers” of Ephesus	Seven Sleepers of Ephesus	1.0
missing	08-04	Martyr Eudokia of Persia		0.0
missing	08-04	Martyr Eleutherius of Constantinople		0.0
present	08-05	Forefeast of the Transfiguration of our Lord	Forefeast of Transfiguration	1.0
present	08-05	Martyr Eusignius of Antioch	Martyr Eusignius of Antioch	1.0
missing	08-05	Venerable Job of Ushchelsk		0.0
probable	08-05	Hieromartyr Antherus (Antheros) Pope of Rome	Holy Hieromartyr Fabian, Pope of Rome (250)	0.67
present	08-05	Hieromartyr Fabian, Pope of Rome, and Martyr Pontious	Holy Hieromartyr Fabian, Pope of Rome (250)	1.0
missing	08-05	Martyrs Cantidius, Cantidian, and Sibelius (Sobel) of Egypt		0.0
present	08-05	Righteous Nonna, mother of Saint Gregory the Theologian	Righteous Nonna (374), Mother of St Gregory the Theologian	1.0
missing	08-05	Saint Theoctistus, Bishop of Chernigov		0.0
missing	08-05	Martyr Pontius		0.0
present	08-05	Saint Oswald, king and martyr	Oswald the Martyr, King of Northumbria	1.0
missing	08-05	Saint John Jacob the Chozebite		0.0
present	08-05	Martyr Christos of Preveza	Christos the New Martyr of Prevezis	1.0
present	08-06	The Holy Transfiguration of our Lord God and Savior Jesus Christ (the Second “Feast of the Savior” in August)	Transfiguration of Our Lord	1.0
missing	08-06	New Martyr Habakkuk		0.0
present	08-07	Afterfeast of the Transfiguration of our Lord	Afterfeast of the Transfiguration	1.0
present	08-07	Martyr Dometius of Persia and his two disciples	Martyr Dometius of Persia	1.0
missing	08-07	First finding of the relics of Saint Metrophanes, first Bishop of Voronezh		0.0
present	08-07	Venerable Pimen the Much-Ailing of the Kiev Near Caves	Our Holy Father Pimen the Much-Ailing (1110)	1.0
probable	08-07	Venerable Pimen the Faster of the Kiev Caves	Our Holy Father Pimen the Much-Ailing (1110)	0.33
elsewhere	08-07	Saint Mercurius, Bishop of Smolensk, Kiev Near Caves	11-24  Holy Martyr Mercurius of Smolensk (1238)	1.0
probable	08-07	Martyr Marinus the Soldier at Caesarea in Palestine	Holy Martyrs Marinus the Soldier and Asterius the Senator (260)	0.5
probable	08-07	Martyr Asterius the Senator at Caesarea, in Palestine	Holy Martyrs Marinus the Soldier and Asterius the Senator (260)	0.5
present	08-07	Venerable Horus of the Thebaid, Egypt	Our Holy Father Or (Horus) of the Thebaid (390)	1.0
missing	08-07	Virgin Martyr Potamia the Wonderworker		0.0
probable	08-07	Venerable Dometius of Philotheou, Mount Athos	Martyr Dometius of Persia	0.5
missing	08-07	Valaam Icon of the Mother of God		0.0
missing	08-07	Venerable Anthony of Optina		0.0
missing	08-07	Saint Theodora of Sihla		0.0
present	08-07	Saint Nicanor, Wonderworker of Mount Calistratus	Our Holy Father Nicanorus the Wonderworker	1.0
present	08-07	Saint Theodosius the New, Healer of Peloponnesus	Theodosius the New	1.0
elsewhere	08-07	Holy Мartyr Mercurius of Smolensk	11-24  Holy Martyr Mercurius of Smolensk (1238)	1.0
present	08-07	Saint Narcissus, Bishop of Jerusalem	Narcissus the Hieromartyr of Jerusalem	1.0
present	08-08	Afterfeast of the Transfiguration of our Lord	Afterfeast of the Transfiguration	1.0
present	08-08	Holy Confessor Emilian, Bishop of Kyzikos	St Emilian the Confessor	1.0
probable	08-08	Venerable Gregory the Iconographer of the Kiev Near Caves	St Gregory of Sinai (Mt Athos) (1346)	0.33
missing	08-08	Translation of the relics of Venerable Zosimas and Sabbatius of Solovki		0.0
present	08-08	Saint Myron the Wonderworker, Bishop of Crete	St Myron the Wonderworker, Bishop of Crete (350)	1.0
missing	08-08	Martyrs Eleutherius and Leonidas of Constantinople, and many infants martyred with them		0.0
present	08-08	Venerable Gregory of Sinai	St Gregory of Sinai (Mt Athos) (1346)	1.0
missing	08-08	Icon of the Mother of God of Tolga		0.0
missing	08-08	Saint Euthymius the Elder of Saint John the Baptist Monastery		0.0
missing	08-08	New Martyr Triandaphyllus of Stara Zagora		0.0
missing	08-08	Venerable Zosimas of Tuman		0.0
missing	08-08	10 Egyptian Ascetics and Two Martyrs of Tyre		0.0
present	08-09	Afterfeast of the Transfiguration of our Lord	Afterfeast of the Transfiguration	1.0
probable	08-09	Glorification of Venerable Herman of Alaska, Wonderworker of All America	Commemoration of the canonization (1970) of St Herman of Alaska (1837)	0.67
present	08-09	Apostle Matthias of the Seventy	Apostle Matthias (1st c.)	1.0
present	08-09	Martyr Anthony of Alexandria	Holy Martyr Anthony (2nd c.)	1.0
missing	08-09	Venerable Psoi of Egypt		0.0
missing	08-09	Martyr Julian of Constantinople and those with him		0.0
elsewhere	08-09	Synaxis of the Saints of Solovki Monastery	09-27  Ven. Sabbatius of Solovetsk	1.0
missing	08-09	Saint Macarius of Oredezhsk		0.0
missing	08-09	Restoration of the Temple of the 40 Martyrs		0.0
missing	08-09	Holy New Martyr Ignatius (Bazyluk)		0.0
present	08-09	Hieromartyr Euthymios of Rhodes	Euthymios the Hieromartyr, Metropolitan of Rhodes	1.0
present	08-10	Afterfeast of the Transfiguration of our Lord	Afterfeast of the Transfiguration	1.0
probable	08-10	Martyr and Archdeacon Laurence, and those with him, of Rome	Holy Martyrs Archdeacon Lawrence and Pope Sixtus of Rome	0.5
present	08-10	Blessed Laurence the Fool-For-Christ at Kaluga	Blessed Lawrence, Fool-for-Christ, at Kaluga (1515)	0.8
present	08-11	Afterfeast of the Transfiguration of our Lord	Afterfeast of the Transfiguration	1.0
present	08-11	Martyr and Archdeacon Euplus of Catania	Holy Martyr and Archdeacon Euplus of Catania	1.0
elsewhere	08-11	Martyrs Basil and Theodore of the Kiev Caves	08-28  Synaxis of the Kiev Cave Fathers	1.0
elsewhere	08-11	Saint Theodosius (Prince Theodore of Ostrog) of the Kiev Caves	08-14  Translation of the Relics of St Theodosius of the Kiev Caves	1.0
present	08-11	Virgin Martyr Susanna, and those with her, at Rome	The Holy Martyr Susanna the Virgin, and those with her (295-296)	1.0
present	08-11	Saint Niphon, Patriarch of Constantinople	Saint Niphon, Patriarch of Constantinople (1508)	1.0
missing	08-11	Icon of the Mother of God of Constantinople		0.0
missing	08-11	Saint Passarion		0.0
missing	08-11	Saint Mary Syncletica		0.0
present	08-12	Afterfeast of the Transfiguration of our Lord	Afterfeast of the Transfiguration	1.0
probable	08-12	Martyrs Anicetus and Photius of Nicomedia, and those with them	Martyrs Anicletus and Photius of Nicomedia	0.67
present	08-12	Hieromartyr Alexander, Bishop of Comana	Hieromartyr Alexander, Bishop of Comana (3rd c.)	1.0
missing	08-12	Martyr Gerontius, and those with him, of Saint David Gareji Monastery, Georgia		0.0
missing	08-12	Martyrs Pamphilus and Capiton		0.0
present	08-13	Leavetaking of the Transfiguration of our Lord	Leavetaking of Transfiguration	1.0
present	08-13	Saint Tikhon, Bishop of Voronezh, Wonderworker of Zadonsk and All Russia	St Tikhon of Zadonsk (1783)	1.0
present	08-13	Translation of the relics of Saint Maximus the Confessor	St Maximos the Confessor (662)	1.0
present	08-13	Uncovering of the relics of Venerable Maximus of Moscow the Fool-for-Christ	St Maximos the Confessor (662)	1.0
present	08-13	Martyr Hippolytus of Rome and those with him: Martyr Concordia, Irenaeus, and Abundius	Holy Martyr Hippolytus of Rome and 18 Martyrs with him (258)	1.0
missing	08-13	Icon of the Mother of God “of the Passion”		0.0
missing	08-13	"""Seven Arrows"" Icon of the Mother of God"		0.0
present	08-13	Second Finding of the relics of Saint Tikhon, Wonderworker of Zadonsk	St Tikhon of Zadonsk (1783)	1.0
missing	08-13	Icon of the Mother of God of Minsk		0.0
present	08-13	Holy Empress Irene (Schema-nun Xenia)	Our Holy Mother the Empress Irene (Xenia in Monasticism) (12th c.)	0.75
missing	08-13	Monastic Martyr Dositheus		0.0
present	08-14	Forefeast of the Dormition of the Mother of God	Forefeast of Dormition	1.0
present	08-14	Prophet Micah	Prophet Micah	1.0
present	08-14	Translation of the relics of Venerable Theodosius of the Kiev Far Caves	Translation of the Relics of St Theodosius of the Kiev Caves	1.0
missing	08-14	Venerable Arcadius of Novotorsk		0.0
present	08-14	Hieromartyr Marcellus, Bishop of Apamea	Hieromartyr Marcellus, Bishop of Apamea (389)	1.0
missing	08-14	“Conversational” Icon of the Mother of God		0.0
missing	08-14	Icon of the Mother of God of Narva		0.0
missing	08-14	New Martyr Nazarius, Metropolitan of Kutaisi-Gaenati, and his companions, of Georgia		0.0
probable	08-15	The Dormition of our Most Holy Lady the Mother of God and Ever-Virgin Mary	Dormition of the Most-Holy Theotokos	0.67
elsewhere	08-15	Saint Makarios the Roman	10-23  Saint Macarius the Roman of Mesopotamia (?)	1.0
missing	08-15	Icon of Sophia, the Wisdom of God (Novgorod)		0.0
missing	08-15	“Enlightener of Minds” Icon of the Mother of God		0.0
missing	08-16	Afterfeast of the Dormition of the Mother of God		0.0
present	08-16	Translation of the Image “Not-Made-By-Hands” of our Lord Jesus Christ from Edessa to Constantinople, the Third “Feast of the Savior in August”	Image of Christ Not Made by Hands	1.0
probable	08-16	Holy Unmercenary Physician Diomedes	Martyr Diomedes the Physician of Tarsus in Cilicia (298)	0.67
missing	08-16	Venerable Cherimon (Chaeremon) of Egypt		0.0
missing	08-16	Icon of the Mother of God of Saint Theodore		0.0
missing	08-16	Saint Anthony of Martkofeli		0.0
missing	08-16	Martyr Christopher of Guria, Georgia		0.0
missing	08-16	Martyr Isaac of Karnu, Georgia		0.0
missing	08-16	Martyr Joseph of Karnu, Georgia		0.0
missing	08-16	Saint Joachim of Osogovo		0.0
missing	08-16	Saint Roman of Banat		0.0
elsewhere	08-16	Saint Eustathius of Serbia	01-04  Eustathios Archbishop of Serbia	1.0
missing	08-16	Saint Raphael of Banat		0.0
missing	08-16	Hieromartyr Νikόdēmos of Meteora		0.0
present	08-16	New Martyr Stamatius of Volos	Stamatios the Martyr	1.0
present	08-16	Venerable Gerasimus the New Ascetic of Cephalonia	Gerasimus of Cephalonia	1.0
missing	08-16	Saint Constantine Brancoveanu and those with him		0.0
missing	08-17	Afterfeast of the Dormition of the Mother of God		0.0
present	08-17	Martyr Myron the Presbyter of Cyzicus	Martyr Myron, Presbyter of Cyzicus	1.0
missing	08-17	Venerable Alypios, Iconographer of the Kiev Near Caves		0.0
missing	08-17	Martyrs Paul and Juliana of Syria		0.0
missing	08-17	Martyrs Thyrsus, Leucius, Coronatus, and those with them at Caesarea, in Bithynia		0.0
probable	08-17	Martyr Patroclus of Troyes	Holy Martyr Patroclus (late 3rd c.)	0.5
present	08-17	Martyrs Straton, Philip, Eutychian, and Cyprian, of Nicomedia	Straton, Philip, Eutychian, & Cyprian the Martyrs of Nicomedea	0.8
missing	08-17	Venerable Theodoritus, Enlightener of the Lapps, Solovki		0.0
elsewhere	08-17	Icon of the Mother of God of the Kiev Caves	08-28  Synaxis of the Kiev Cave Fathers	1.0
missing	08-17	Saint Leucius of Volokolamsk		0.0
probable	08-17	Saint Philip of Sukhona	Straton, Philip, Eutychian, & Cyprian the Martyrs of Nicomedea	0.5
missing	08-17	Svena Icon of the Mother of God		0.0
missing	08-17	Icon of the Mother of God of Armatia		0.0
missing	08-17	New Martyr Demetrius of Samarina in Epirus		0.0
missing	08-17	Saint Tbeli Abuseridze		0.0
missing	08-18	Afterfeast of the Dormition of the Mother of God		0.0
present	08-18	Martyrs Florus and Laurus of Illyria	Martyrs Florus and Laurus of Illyria	1.0
present	08-18	Martyrs Hermes, Serapion, and Polyaenus of Rome	Hermos the Martyr	1.0
missing	08-18	Hieromartyr Emilian and with him Martyrs Hilarion, Dionysius, and Hermippus		0.0
present	08-18	Saint John, Patriarch of Constantinople	John & George, Patriarchs of Constantinople	1.0
present	08-18	Saint George, Patriarch of Constantinople	John & George, Patriarchs of Constantinople	1.0
missing	08-18	Venerable Macarius the Monk of Pelekete		0.0
present	08-18	Repose of Venerable John, Abbot of Rila	Our Holy Father John, Abbot of Rila (946)	1.0
missing	08-18	Venerable Sophronius of Saint Anne Skete, Mount Athos		0.0
elsewhere	08-18	Venerable Arsenius of Paros	01-31  Our Righteous Father Arsenius of Parus	1.0
missing	08-18	Saints Barnabas and Sophronius of Asia Minor		0.0
missing	08-18	Saint Christopher of Gazara		0.0
missing	08-18	“Directress” Icon of the Mother of God		0.0
missing	08-18	4 Ascetics		0.0
missing	08-18	Venerable Christodoulos the Philosopher		0.0
missing	08-19	Afterfeast of the Dormition of the Mother of God		0.0
probable	08-19	Martyr Andrew Stratelates, and 2,593 soldiers with him, in Cilicia	Martyr Andrew Stratelates and Companions	0.67
missing	08-19	Saint Pitirim, Bishop of Perm		0.0
present	08-19	Martyrs Timothy, Agapius, and Thekla, of Palestine	Holy Martyrs Timothy, Agapius and Thecla	1.0
missing	08-19	Venerable Theophanes of Docheiariou, Mount Athos		0.0
missing	08-19	Don Icon of the Mother of God		0.0
missing	08-20	Afterfeast of the Dormition of the Mother of God		0.0
present	08-20	Prophet Samuel	Prophet Samuel	1.0
probable	08-20	Hieromartyr Philip, Bishop of Heraclea and with him the Martyrs Severus, Memnon, and 37 Soldiers in Thrace	Hieromartyr Philip, Bishop of Heraklion, and those with him (2nd c.)	0.67
missing	08-20	Martyrs Heliodorus and Dosa of Persia		0.0
present	08-20	Martyr Lucius	Holy Martyr Luke of Bouleutos	1.0
missing	08-20	Holy New Martyr Theokhares at Neopolis in Asia Minor		0.0
missing	08-21	Afterfeast of the Dormition of the Mother of God		0.0
present	08-21	Apostle Thaddeus of the Seventy	Apostle Thaddeus of the Seventy	1.0
present	08-21	Martyr Bassa of Edessa and her sons Theogonius, Agapius, and Pistus	Holy Martyrs Bassa and her sons Theognis, Agapios, and Pistis (4th c.)	0.8
present	08-21	Venerable Abramius the Wonderworker, Archimandrite of Smolensk	Avram, Archimandrite of Smolensk	1.0
present	08-21	Venerable Ephraim the Wonderworker, disciple of Abramius, and Archimandrite of Smolensk	Avram, Archimandrite of Smolensk	1.0
probable	08-21	Venerable Abramius the lover-of-labor of the Kiev Near Caves	Avram, Archimandrite of Smolensk	0.33
missing	08-21	Saint Sarmean, Catholicos of Kartli, Georgia		0.0
missing	08-21	New Martyr Simeon of Samokov		0.0
missing	08-21	Hieromartyr Raphael of Serbia		0.0
missing	08-21	Venerable Cornelius of Paleostrov, Olonets		0.0
missing	08-21	Hieromartyr Raphael of Sisatovac		0.0
missing	08-21	Venerable Schema-nun Martha of Diveyevo		0.0
missing	08-22	Afterfeast of the Dormition of the Mother of God		0.0
probable	08-22	Martyr Agathonicus of Nicomedia, and those with him, who suffered under Maximian	Martyr Agathonicus and Companions	0.5
missing	08-22	Hieromartyr Athanasios, Venerable Anthousa, and others		0.0
present	08-22	Virgin Martyr Eulalia of Barcelona and the Martyr Felix	Holy Martyr Eulalia of Barcelona (303)	1.0
missing	08-22	Icon of the Mother of God of Georgia		0.0
missing	08-22	Saint Bogolep, disciple of Saint Paisius of Uglich		0.0
missing	08-22	Venerable Isaac I of Optina		0.0
present	08-23	Leavetaking of the Dormition of the Mother of God	Leavetaking of Dormition	1.0
present	08-23	Martyr Lupus, slave of Saint Demetrius of Thessalonica	Martyr Lupus, Slave of St Demetrius	1.0
present	08-23	Hieromartyr Irenaeus, Bishop of Lyons	Hieromartyr Irenaeus, bishop of Lyons (202)	1.0
missing	08-23	Saints Eutychius and Florentius of Nursia		0.0
present	08-23	Saint Callinicus, Patriarch of Constantinople	Our Holy Father Kallinikos, Patriarch of Constantinople	1.0
missing	08-23	Prousiotissa Icon of the Mother of God		0.0
present	08-24	Hieromartyr Eutyches, disciple of Saint John the Theologian	Hieromartyr Eutychius	1.0
probable	08-24	Translation of the relics of Saint Peter, Metropolitan of Moscow and All Russia	Trans. Rel. Peter, Metr. Kiev	0.2
missing	08-24	Venerable Arsenius, Abbot of Komel, Vologda		0.0
missing	08-24	Martyr Tation (Tatio) of Claudiopolis		0.0
missing	08-24	Virgin Martyr Syra of Persia		0.0
missing	08-24	Saint George Limniotes, Confessor of Mount Olympus		0.0
present	08-24	Repose of the New-Hieromartyr Cosmas of Aitolia, Equal of the Apostles	New Hieromartyr Kosmas of Aitolia, Equal-to-the-Apostles (1779)	1.0
probable	08-24	“Saint Peter of Moscow” Icon of the Mother of God	Trans. Rel. Peter, Metr. Kiev	0.25
missing	08-24	Saint Martyrius, Archbishop of Novgorod		0.0
elsewhere	08-24	Appearance of the Mother of God to Saint Sergius of Radonezh	09-25  Our Holy Father Sergius of Radonezh (1392)	1.0
missing	08-24	Venerable Serapion the Wonderworker, Abbot of Saint John the Baptist Monastery		0.0
present	08-25	Return of the Relics of the Apostle Bartholomew from Anastasiopolis to Lipari	Relics of Apostle Bartholomew	1.0
present	08-25	Apostle Titus of the Seventy and Bishop of Crete	Holy Apostle Titus of the Seventy	1.0
missing	08-25	Confessors Barses and Eulogius, Bishops of Edessa, and Protogenes, Bishop of Carrhae		0.0
present	08-25	Saint Menas, Patriarch of Constantinople	John the Cappadocian, Epiphanius and Menas, Patriarchs of Constantinople	1.0
missing	08-25	New Hieromartyr Vladimir (Moshchansky) of Tver		0.0
present	08-25	Saint John the Cappadocian, Patriarch of Constantinople	John the Cappadocian, Epiphanius and Menas, Patriarchs of Constantinople	1.0
present	08-25	Saint Epiphanius, Patriarch of Constantinople	John the Cappadocian, Epiphanius and Menas, Patriarchs of Constantinople	1.0
missing	08-25	Saint Constantia of Paphos		0.0
present	08-26	Martyrs Adrian and Natalia and 23 companions, of Nicomedia	Martyrs Adrian and Natalia	1.0
probable	08-26	Venerable Adrian, Abbot of Ondrusov, Valaam	Martyrs Adrian and Natalia	0.5
present	08-26	Commemoration of the Vladimir Icon of the Mother of God and the deliverance of Moscow from the Invasion of Tamerlane	Vladimir Icon	1.0
probable	08-26	“Virgin of Tenderness” Icon of the Mother of God of the Pskov Caves	Vladimir Icon	0.5
probable	08-26	Saint Adrian of Úglich	Martyrs Adrian and Natalia	0.5
missing	08-26	Venerable Joasaph, son of Saint Abenner the King		0.0
missing	08-26	Blessed Pelagia, Paraskeva, and Maria of Diveyevo		0.0
missing	08-27	Venerable Pimen the Great		0.0
missing	08-27	Hieromartyr Kuksha and Venerable Pimen of the Kiev Near Caves		0.0
missing	08-27	Saint Hosius the Confessor, Bishop of Córdoba		0.0
present	08-27	Saint Liberius, Pope of Rome	Liverios, Pope of Rome	1.0
missing	08-27	Venerable Pimen of Palestine		0.0
present	08-27	Martyr Anthusa	Anthousa the Martyr	1.0
missing	08-27	Venerable Savva of Benephali		0.0
missing	08-27	Saint Caesarius, Bishop of Arles		0.0
present	08-27	Saint Phanourius	Great-martyr Phanurius the Newly Appeared of Rhodes	1.0
probable	08-28	Recovery of the relics of Saint Job of Pochaev	Ven. Job of Pochaev	0.67
probable	08-28	Venerable Moses the Ethiopian of Scete	St Moses of Ethiopia (400)	0.5
present	08-28	Righteous Anna the Prophetess and Daughter of Phanuel, who met the Lord at the Temple in Jerusalem	Righteous Anna the Prophetess (1st c.)	1.0
missing	08-28	Martyr Susanna, Queen of Georgia		0.0
present	08-28	Synaxis of the Saints of the Kiev Caves, whose relics repose in the Far Caves of Venerable Theodosius	Synaxis of the Kiev Cave Fathers	1.0
missing	08-28	Saint Savva of Pskov		0.0
present	08-28	Righteous Hezekiah	Righteous Hezekiah, King of Judah (691 BC)	1.0
present	08-29	The Beheading of the Holy Glorious Prophet, Forerunner, and Baptist John	Beheading of St John the Baptist	1.0
missing	08-29	Saint Anastasius of the Strumitza Eparchy		0.0
missing	08-29	Saint Arkadios the Wonderworker, Bishop of Arsinoe, Cyprus		0.0
probable	08-29	Venerable Theodora and her daughter Theopiste	Our Holy Mother Theodora of Salonica (879)	0.5
missing	08-29	Deposition of the Holy Relics of Saint Joseph Samakos the Sanctified (1669)		0.0
present	08-30	Saint Alexander, Patriarch of Constantinople	Ss Alexander, John, Paul, Pats. Constantinople	1.0
present	08-30	Saint John, Patriarch of Constantinople	Ss Alexander, John, Paul, Pats. Constantinople	1.0
present	08-30	Saint Paul the New, Patriarch of Constantinople	Ss Alexander, John, Paul, Pats. Constantinople	1.0
probable	08-30	Venerable Alexander, Abbot of Svir	Ss Alexander, John, Paul, Pats. Constantinople	0.5
present	08-30	Translation of the relics of Saint Alexander Nevsky	Trans. Rel. St Alexander Nevsky	1.0
elsewhere	08-30	Uncovering of the relics of Saint Daniel, Prince of Moscow	03-04  Rt. Blv. Prince Daniel of Moscow	1.0
missing	08-30	Saint Christopher of Palestine		0.0
present	08-30	Saint Fantinus of Calabria	Phantinos the Righteous of Calabria	1.0
present	08-30	Synaxis of the Serbian Hierarchs	Synaxis of Serbian Hierarchs	1.0
missing	08-30	Saint Spyridon, Patriarch of Serbia		0.0
missing	08-30	Saint Macarius, Patriarch of Serbia		0.0
elsewhere	08-30	Saint Gabriel I, Patriarch of Serbia	12-13  Gabriel the Hieromartyr, Archbishop of Serbia	1.0
missing	08-30	Saint Gregory the Bishop		0.0
probable	08-31	The Placing of the Cincture (Sash) of the Mother of God	Sash of the Theotokos	0.5
present	08-31	Hieromartyr Cyprian, Bishop of Carthage	Hieromartyr Cyprian, bishop of Carthage (258)	1.0
present	08-31	Saint Gennadius, Patriarch of Constantinople	St Gennadius, Patriarch of Constantinople (471)	1.0
probable	08-31	Saint Aidan, Bishop of Lindesfarne	Saint Aidan of Lindisfarne (651)	0.5
present	08-31	Saint Eanswythe, Abbess of Folkestone	Eanswythe, Abbess of Folkestone	1.0
missing	08-31	The restoration of the church of the Theotokos at Neorion		0.0
present	09-01	Church New Year	Church New Year	1.0
present	09-01	Saint Simeon Stylites, the Elder	Our Holy Father Symeon Stylites (459)	1.0
present	09-01	Venerable Martha, mother of Saint Simeon Stylites	Our Holy Father Symeon Stylites (459)	1.0
missing	09-01	Martyr Aithalas of Persia		0.0
missing	09-01	Holy Forty Women Martyrs and Martyr Ammon the Deacon, their teacher, at Heraclea in Thrace		0.0
missing	09-01	Martyrs Callista and her brothers, Evodius and Hermogenes, at Nicomedia		0.0
present	09-01	Righteous Joshua, son of Nun (Navi)	Righteous Joshua, Son of Nun	1.0
missing	09-01	Finding of the Icon of the Mother of God at the Miasena Monastery		0.0
missing	09-01	“Chernigov-Gethsemane” Icon of the Mother of God		0.0
present	09-01	Saint Meletius the New	Saint Meletios the Younger (1095-1124)	1.0
missing	09-01	“All Blessed” Icon of the Mother of God		0.0
missing	09-01	Venerable Evanthia		0.0
present	09-02	Venerable Anthony of the Kiev Far Caves	Ven. Anthony and Theodosius of Kiev Caves	0.75
present	09-02	Venerable Theodosius of the Kiev Far Caves	Ven. Anthony and Theodosius of Kiev Caves	0.75
present	09-02	Martyr Mamas of Caesarea in Cappadocia	Martyr Mamas of Caesarea in Cappadocia (275), and his parents, Martyrs Theodotus and Rufina	1.0
present	09-02	Martyrs Theodotus and Rufina of Caesarea, in Cappadocia	Martyr Mamas of Caesarea in Cappadocia (275), and his parents, Martyrs Theodotus and Rufina	1.0
present	09-02	Saint John the Faster, Patriarch of Constantinople	St John IV, Patriarch of Constantinople, known as John the Faster (595)	1.0
missing	09-02	3,628 Martyrs who suffered at Nicomedia		0.0
missing	09-02	Icon of the Mother of God of Kaluga		0.0
present	09-03	Hieromartyr Anthimus, Bishop of Nicomedia and those with him	Hieromartyr Anthimus, Bishop of Nicomedia	1.0
present	09-03	Venerable Theoctistus	Holy Father Theoctistus and his fellow struggler Euthymius the Great	1.0
present	09-03	Holy Martyr Euthymius	Holy Father Theoctistus and his fellow struggler Euthymius the Great	1.0
elsewhere	09-03	Blessed John “the Hairy” and Fool-For-Christ at Rostov	10-02  Bl. Andrew, Fool-for-Christ	0.75
present	09-03	Saint Phoebe the Deaconess at Cenchreae near Corinth	Phoebe the Deaconess	1.0
present	09-03	Martyr Basilissa of Nicomedia	Holy Martyr Basilissa (309)	1.0
missing	09-03	Hieromartyr Aristion, Bishop of Alexandria		0.0
present	09-03	Saint Joannicius, first Patriarch of Serbia	Our Holy Father Joannicius, Archbishop and first Patriarch of Serbia (1354)	1.0
missing	09-03	Pisidia Icon of the Mother of God		0.0
missing	09-03	Martyr Polydorus of Cyprus		0.0
probable	09-04	Martyr Gorazd of Prague, Bohemia and Moravo-Cilezsk	Holy New Martyr Gorazd, Bishop of Slovakia and the Czech Lands (1942) (August 22 OC)	0.2
present	09-04	Hieromartyr Babylas, Bishop of Antioch, and those with him	Hieromartyr Babylas, Bishop of Antioch	1.0
probable	09-04	Holy Prophet and God-seer Moses	Holy Prophet Moses, who beheld God.	0.67
missing	09-04	Uncovering of the relics of Saint Joasaph, Bishop of Belgorod		0.0
present	09-04	Martyr Hermione, daughter of Saint Philip the Deacon	St Hermione, daughter of Apostle Philip (1st c.)	1.0
probable	09-04	Martyr Babylas of Nicomedia and 84 children with him	Hieromartyr Babylas, Bishop of Antioch	0.5
missing	09-04	Martyrs Theodore, Mianus, Julian, Kion, and Centurionus, of Nicomedia		0.0
missing	09-04	“Unburnt Bush” Icon of the Mother of God		0.0
missing	09-04	Second finding of the relics of Saint Metrophanes, Bishop of Voronezh		0.0
probable	09-04	Hieromartyr Peter, Metropolitan of Serbia	St John Mavropos, Metropolitan of Euchaita (1100)	0.33
probable	09-04	Hieromartyr Peter, Metropolitan of Dabro-Bosnia	St John Mavropos, Metropolitan of Euchaita (1100)	0.25
missing	09-04	Igoumen Parthenios of Kiziltash Monastery		0.0
missing	09-04	Venerable Simeon the Wonderworker		0.0
present	09-05	Holy Prophet Zachariah and Righteous Elizabeth, parents of Saint John the Baptist	Prophet Zachariah and Elizabeth	1.0
probable	09-05	Martyr Athanasius, Abbot of Bretsk	Holy Hieromartyr Athanasius of Brest-Litovsk (1649)	0.5
elsewhere	09-05	Passion-Bearer Gleb (in Baptism David)	05-02  Translation of the Relics (1072 and 1115) of the Holy Passion-bearers Boris and Gleb, princes of Russia (1015)	0.8
missing	09-05	Martyr Tathuil, and his sister, Bebaia		0.0
missing	09-05	Martyr Sarbelus of Edessa		0.0
missing	09-05	Martyrs Juventinus and Maximus the soldiers, at Antioch		0.0
present	09-05	Martyrs Urban, Theodore, Medimnus, and 77 companions, at Nicomedia	Urban, Theodore, & Medimnos the Hieromartyrs and the 77 Companions at Nicomedea	0.8
missing	09-05	Martyr Abdias (Abidas) of Persia		0.0
present	09-06	Commemoration of the Miracle of the Archangel Michael at Colossae	Miracle of Archangel Michael at Colossae	1.0
missing	09-06	Martyrs Eudoxius, Zeno, and Macarius		0.0
missing	09-06	Saint Archippus of Herapolis		0.0
missing	09-06	Martyr Romulus and with him many others		0.0
missing	09-06	Hieromartyr Cyril, Bishop of Gortyna		0.0
missing	09-06	Martyrs Cyriacus, Faustus the Presbyter, Abibas the Deacon, and 11 others, at Alexandria		0.0
missing	09-06	Saint David of Hermopolis, Egypt		0.0
present	09-06	Hieromartyr Maxim Sandovich	St Maxim (Sandovich), martyr of Lemkos, Czechoslovakia (1914) (August 24 OC)	1.0
missing	09-06	Icon of the Mother of God of Kiev-Bratsk		0.0
missing	09-06	“Arapet” Icon of the Mother of God		0.0
present	09-07	Forefeast of the Nativity of the Mother of God	Forefeast of Nativity	1.0
present	09-07	Martyr Sozon of Cilicia	Martyr Sozon of Cilicia	1.0
present	09-07	Saint John the Wonderworker, Archbishop of Novgorod	St John, Archbishop of Novgorod	1.0
elsewhere	09-07	Venerable Serapion of Spaso-Eleazar Monastery, Pskov	09-08  Our Venerable Father Serapion of Pskov (1481)	1.0
missing	09-07	Hieromartyr Macarius, Archimandrite of Kanev and Pereyaslavl		0.0
probable	09-07	Apostle Evodius (Euodias) of the Seventy	Holy Apostles Evodus and Onesiphorus of the Seventy	0.67
present	09-07	Apostle Onesiphorus of the Seventy	Holy Apostles Evodus and Onesiphorus of the Seventy	1.0
present	09-07	Martyr Eupsychius of Caesarea, in Cappadocia	Holy Martyr Eupsychyius of Caesarea (2nd c.)	1.0
missing	09-07	Venerable Luke, Abbot of Batheos Ryako		0.0
missing	09-07	Venerable Cloud (Clodoald), Abbot-Founder of Nogent-Sur-Seine near Paris		0.0
missing	09-07	Venerable Macarius of Optina		0.0
present	09-07	Venerable Cassiani the Hymnographer	St Kassia (Kassiani) the Hymnographer (9th c.)	1.0
probable	09-08	The Nativity of our Most Holy Lady the Mother of God and Ever-Virgin Mary	Nativity of the Most-Holy Theotokos	0.67
missing	09-08	Icon of the Mother of God “of the Sign”, the “Kursk-Root”		0.0
elsewhere	09-08	Icon of the Mother of God of Pochaev	07-23  The Icons of the Most Holy Theotokos of Pochaev, Icon of the Mother of God	1.0
missing	09-08	Icon of the Mother of God of Kholm		0.0
missing	09-08	Icon of Sophia, the Wisdom of God		0.0
missing	09-08	Icon of the Mother of God of Syamsk		0.0
missing	09-08	Icon of the Mother of God of Glinsk		0.0
missing	09-08	Icon of the Mother of God of Domnitsa		0.0
missing	09-08	Icon of the Mother of God of Isaakov		0.0
missing	09-08	Icon of the Mother of God of Lukianov		0.0
missing	09-08	“Kathariotissa” Icon of the Mother of God		0.0
missing	09-09	Afterfeast of the Nativity of the Mother of God		0.0
present	09-09	Holy and Righteous Ancestors of God, Joachim and Anna	Righteous Joachim and Anna	1.0
present	09-09	Martyr Severian of Sebaste	Holy Martyr Severian of Sebaste (320)	1.0
probable	09-09	Venerable Joseph, Abbot of Volokolamsk, Volotsk	Ven. Joseph of Volotsk	0.67
elsewhere	09-09	Uncovering of the relics of Saint Theodosius, Archbishop of Chernigov	02-05  Repose of St Theodosius, Archbishop of Chernigov (1896)	1.0
present	09-09	Venerable Theophanes the Confessor and Faster of Mount Diabenos	Theophanes the Confessor	1.0
missing	09-09	Martyr Chariton		0.0
missing	09-09	Blessed Nikḗtas the Hidden of Constantinople		0.0
present	09-09	Commemoration of the Holy Fathers of the Third Ecumenical Council	Commemoration of the Third Ecumenical Council (431)	1.0
present	09-09	Saint Ciaran of Clonmacnoise	Our Holy Father Ciaran of Clonmacnoise (549)	1.0
missing	09-10	Afterfeast of the Nativity of the Mother of God		0.0
present	09-10	Martyrs Menodora, Metrodora, and Nymphodora, at Nicomedia	Martyrs Menodora, Metrodora, Nymphodora	1.0
elsewhere	09-10	Venerable Paul the Obedient, of the Kiev Caves	08-28  Synaxis of the Kiev Cave Fathers	1.0
missing	09-10	Venerable Prince Andrew, in Monasticism Joasaph, of Kubensk, Vologda		0.0
missing	09-10	Holy Apostles of the 70 Apelles, Luke (Loukios), and Clement		0.0
missing	09-10	Martyr Barypsabas in Dalmatia		0.0
present	09-10	Right-Believing Pulcheria, Byzantine Empress	Poulcheria the Empress	1.0
missing	09-10	Saints Peter and Paul, Bishops of Nicaea		0.0
missing	09-11	Afterfeast of the Nativity of the Mother of God		0.0
present	09-11	Venerable Theodora of Alexandria	Ven. Theodora of Alexandria	1.0
probable	09-11	Translation of the Relics of Venerable Sergius and Herman, Wonderworkers of Valaam	Trans. Rel. Ven. Sergius and Herman	0.5
present	09-11	Martyrs Demetrius, his wife Euanthia, and their son Demetrian, at Skepsis on the Hellespont	Demetrios & Evanthea the Martyrs & their son Demetrianos	0.8
missing	09-11	Martyrs Diodorus, Didymus, and Diomedes, of Laodicea		0.0
missing	09-11	Martyr Ia and 9,000 Martyrs with her, of Persia		0.0
present	09-11	Saint Euphrosynos the Cook of Alexandria	St Euphrosynos the Cook of Alexandria (9th c.)	1.0
missing	09-11	Kazan - Kaplunovka Icon of the Mother of God (1689)		0.0
missing	09-12	Leavetaking of the Nativity of the Mother of God		0.0
present	09-12	Hieromartyr Autonomus, Bishop in Italy	Hieromartyr Autonomus, Bishop in Italy	1.0
missing	09-12	Venerable Bassian of Tiksnensk, Vologda		0.0
missing	09-12	Translation of the relics of Righteous Simeon of Verkhoturye		0.0
present	09-12	Martyr Julian of Galatia and 40 Martyrs with him	Julian the Martyr	1.0
present	09-12	Martyr Theodore of Alexandria	Theodore the Hieromartyr of Alexandria	1.0
missing	09-12	Saint Coronatus, Bishop of Nicomedia		0.0
probable	09-12	Venerable Athanasius of Serpukhov	Our Holy Father Athanasius the Elder of Vysotsk (early 15th c.), and his disciple Athanasius the Younger (1395)	0.5
missing	09-12	Hieromartyr Dositheus of Tbilisi		0.0
missing	09-13	Forefeast of the Elevation of the Cross		0.0
present	09-13	Commemoration of the Founding of the Church of the Resurrection (Holy Sepulchre) at Jerusalem	Founding of Church of the Holy Sepulchre	1.0
present	09-13	Hieromartyr Cornelius the Centurion	Holy Hieromartyr Cornelius the Centurion (1st c. )	1.0
missing	09-13	Martyr Chronides of Alexandria and those with him		0.0
missing	09-13	Martyrs Macrobius and Gordian at Tomi in Romania and those with them		0.0
missing	09-13	Hieromartyr Julian of Galatia		0.0
missing	09-13	Saint Peter of Atroe		0.0
present	09-13	Greatmartyr Ketevan, Queen of Georgia	Holy Great Martyr Ketevan, Queen of Georgia (1624)	1.0
present	09-13	Venerable Hierotheus the Younger of Ivḗron, Mount Athos	Hierotheos the Righteous of Iveron Monastery, Mount Athos	0.8
missing	09-13	Saint John of Prislop		0.0
present	09-14	The Universal Exaltation of the Precious and Life-Giving Cross	Exaltation (Elevation) of the Precious Cross	0.75
elsewhere	09-14	Repose of Saint John Chrysostom, Archbishop of Constantinople	01-27  Translation of the relics (437) of St John Chrysostom.	1.0
probable	09-14	Monastic Martyr Macarius of Dionysiou, Mount Athos	Holy New Martyr Macarius of Thessalonica (1527)	0.5
missing	09-14	Monastic Martyr Joseph of Dionysiou, Mount Athos		0.0
missing	09-14	Icon of the Mother of God of Lesna		0.0
missing	09-14	Repose of Saint Anthimus, Bishop of Georgia		0.0
missing	09-15	Afterfeast of the Elevation of the Cross		0.0
present	09-15	Greatmartyr Niketas the Goth	Greatmartyr Nicetas the Goth	1.0
missing	09-15	Uncovering of the relics Saint Acacius, Bishop of Melitene		0.0
missing	09-15	Martyrs Theodotus, Asclepiodotus, and Maximus, of Adrianopolis		0.0
present	09-15	Martyr Porphyrius the Actor	Holy Martyr Porphyrius (361).	1.0
elsewhere	09-15	Uncovering of the relics of the Holy Protomartyr and Archdeacon Stephen	08-02  Trans. Rel. Protomartyr Stephen	1.0
present	09-15	Saint Philotheus the Presbyter in Asia Minor	Philotheos the Righteous	1.0
missing	09-15	Venerable Joseph, Abbot of Alaverdi, Georgia		0.0
missing	09-15	Saint Joseph the New of Partos, Metropolitan of Timishoara (Romania)		0.0
present	09-15	Saint Bessarion, Archbishop of Larissa	Bessarion of Larissa	1.0
missing	09-15	Saint Gerasimus		0.0
present	09-15	New Martyr John of Crete	John the New Martyr of Sfakion, Crete	1.0
missing	09-15	Icon of the Mother of God of Novonikḗta		0.0
missing	09-16	Afterfeast of the Elevation of the Cross		0.0
present	09-16	Great Martyr Euphemia the All-praised	Greatmartyr Euphemia the All-Praised	1.0
probable	09-16	Repose of Saint Cyprian, Metropolitan of Moscow and All Russia	Holy Hieromartyr Cyprian of Carthage (258)	0.5
present	09-16	Saint Sebastiana the Martyr, disciple of Saint Paul the Apostle, at Heraclea	Sebastiana, Disciple of St. Paul the Apostle	1.0
present	09-16	Martyr Melitinḗ of Marcianopolis	Melitina the Martyr	1.0
missing	09-16	Martyrs Victor and Sosthenes at Chalcedon		0.0
probable	09-16	Venerable Dorotheus the Hermit of Egypt	Our Holy Father Dorotheos the Solitary of Egypt (4th c.)	0.67
missing	09-16	Martyr Ludmilla the grandmother of Saint Wenceslaus, Prince of the Czechs		0.0
missing	09-16	New Martyrs Isaac and Joseph of Georgia		0.0
missing	09-16	“Support of Humble” Icon of the Mother of God		0.0
missing	09-16	New Hieromartyr Gregory (Raevskii) of Tver		0.0
missing	09-16	Saint Procopius		0.0
missing	09-17	Afterfeast of the Elevation of the Cross		0.0
probable	09-17	Martyr Sophia and her three daughters at Rome	Martyr Sophia and Daughters Faith, Hope, and Love	0.5
missing	09-17	Martyr Theodota at Nicea		0.0
missing	09-17	Martyr Agathocleia		0.0
missing	09-17	156 Martyrs of Palestine, including Bishops Peleus and Nilus, the Presbyter Zeno, the Noblemen Patermuthius and Elias, and others		0.0
missing	09-17	Constantinople Icon of the Mother of God		0.0
missing	09-17	Icon of the Mother of God of Macariev		0.0
missing	09-18	Afterfeast of the Elevation of the Cross		0.0
present	09-18	Saint Eumenius, Bishop of Gortyna	St Eumenes, Bishop of Gortyna	1.0
present	09-18	Martyr Ariádnē of Phrygia	St Ariadne of Phrygia (2nd c.)	1.0
missing	09-18	Martyrs Sophia, Irene, and Castor of Egypt		0.0
missing	09-18	Greatmartyr Prince Bidzini and Martyrs Princes Elizabar and Shalvi, of Georgia		0.0
missing	09-18	Translation of the “Staro Rus” Icon of the Mother of God in Triumph to Russia		0.0
missing	09-18	“The Healer” Icon of the Mother of God		0.0
missing	09-18	Venerable Euphrosynē of Suzdal		0.0
missing	09-18	Venerable Hilarion of Optina		0.0
missing	09-19	Afterfeast of the Elevation of the Cross		0.0
present	09-19	Martyrs Trophimus, Sabbatius, and Dorymedon of Synnada	Martyrs Trophimus, Sabbatius, Dorymedon	1.0
present	09-19	Saint Theodore, Prince of Smolensk and Yaroslav, and his sons Saints David and Constantine	Rt. Blv. Theodore, Prince of Smolensk, and his sons Ss David and Constantine of Yaroslavl	0.86
present	09-19	Martyr Zosimas the Hermit of Cilicia	Holy Martyr Zosimas the Hermit of Cilicia (4th c.)	1.0
present	09-19	Saint Theodore of Tarsus, Archbishop of Canterbury	Theodore of Tarsus, Archbishop of Canterbury	1.0
probable	09-19	Right-believing Great Prince Igor of Kiev and Chernigov	Rt. Blv. Theodore, Prince of Smolensk, and his sons Ss David and Constantine of Yaroslavl	0.17
missing	09-20	Afterfeast of the Elevation of the Cross		0.0
probable	09-20	Greatmartyr Eustáthios Placidas, with his wife and children, of Rome	Greatmartyr Eustathius and Martyr Theopistes	0.5
present	09-20	Holy Martyr and Confessor Michael and his councilor, Theodore, Wonderworkers of Chernigov	Martyrs Michael and Theodore of Chernigov	1.0
missing	09-20	Saint Oleg, Prince of Briansk		0.0
missing	09-20	Monastic Martyr Hilarion of Saint Anne Skete, Mount Athos		0.0
probable	09-21	Leavetaking of the Elevation of the Cross	Leavetaking Exaltation	0.5
present	09-21	Apostle Quadratus of the Seventy	Apostle Quadratus of the Seventy	1.0
missing	09-21	Uncovering of the relics of Saint Demetrius (Dmitri), Metropolitan of Rostov		0.0
missing	09-21	Venerable Daniel, Abbot of Shuzhgorsk, Novgorod		0.0
present	09-21	Venerable Joseph of Zaonikiev Monastery, Vologda	Our Venerable Father Joseph of Zaonikiev Monastery(1612)	1.0
missing	09-21	Hieromartyr Hypatius, Bishop of Ephesus, and his Presbyter, Andrew		0.0
present	09-21	Saint Isaac of Cyprus	Isaakios & Meletios, Bishops of Cyprus	1.0
present	09-21	Saint Meletius, Bishop of Cyprus	Isaakios & Meletios, Bishops of Cyprus	1.0
missing	09-21	Martyr Eusebius of Phoenicia		0.0
missing	09-21	Martyr Priscus of Phrygia		0.0
missing	09-21	26 Monastic Martyrs of Zographou, Mount Athos		0.0
missing	09-21	Venerable Cosmas the Bulgarian of Zographou, Mount Athos		0.0
missing	09-21	Saint John of Georgia		0.0
missing	09-21	Saint George (John) of Georgia		0.0
present	09-22	Hieromartyr Phocas, Bishop of Sinope	Hieromartyr Phocas, Bishop of Sinope	1.0
missing	09-22	Prophet Jonah		0.0
missing	09-22	Saint Jonah the Presbyter, father of Saint Theophanes the Hymnographer and Theodore Graptus		0.0
missing	09-22	Venerable Jonah, Abbot of Yashezersk		0.0
present	09-22	Martyr Phokas the Gardener of Sinope	Hieromartyr Phocas, Bishop of Sinope	1.0
elsewhere	09-22	Saint Peter the Tax-Collector	01-20  Saint Peter the Tax Collector (6th c.)	1.0
missing	09-22	Venerable Macarius, Wonderworker of Zhabynka and Belev		0.0
missing	09-22	Synaxis of the Saints of Tula		0.0
probable	09-22	Venerable Cosmas of Zographou Monastery, Mount Athos	Venerable Cosmas, desert-dweller of Zographou, Mt Athos (1323)	0.6
missing	09-22	"""Hearer"" Icon of the Mother of God"		0.0
present	09-23	Conception of the Honorable Glorious Prophet, Forerunner and Baptist John	Conception of St John the Baptist	1.0
present	09-23	Saints Xanthippi and Polyxeni of Spain	Xanthippe & Polyxene the Righteous	1.0
missing	09-23	Virgin Martyr Irais (Rhais) of Alexandria		0.0
probable	09-23	Martyrs Andrew, John, and John’s children: Peter and Antonius, of Syracuse, martyred in Africa	New Martyr John of Epirus (1814)	0.5
missing	09-23	Icon of the Mother of God of Slovenka		0.0
missing	09-24	Synaxis of All Saints of Alaska		0.0
present	09-24	Martyr Peter the Aleut	Holy New Martyrs Juvenaly and Peter the Aleut of Alaska (1796, 1815)	1.0
present	09-24	Martyr Juvenal of Alaska	Holy New Martyrs Juvenaly and Peter the Aleut of Alaska (1796, 1815)	1.0
present	09-24	Protomartyr and Equal of the Apostles Thekla	Holy Protomartyr Thecla, Equal to the Apostles (1st c.)	1.0
missing	09-24	Venerable Nίkander Wonderworker of Pskov		0.0
missing	09-24	Monastic Martyr Galacteon of Vologda		0.0
present	09-24	Venerable Copres of Palestine	Coprios the Righteous	1.0
missing	09-24	Venerable Abramius, Abbot of Mirozh, Pskov		0.0
missing	09-24	Saint Vladislav of Serbia		0.0
missing	09-24	Venerable Dorothy of Kashin		0.0
probable	09-24	Venerable Silouan of Mount Athos	St Silouan, elder of Mt Athos (1938) (September 11 OC)	0.67
missing	09-24	“Mirozh” Icon of the Mother of God		0.0
missing	09-24	Icon of the Mother of God “of the Myrtle Tree”		0.0
present	09-24	Venerable Simon of Serbia	St Stephen, First-crowned King of Serbia (Simon the Monk) (1224)	1.0
missing	09-24	Venerable David of Serbia		0.0
present	09-24	Holy King Stephen of Serbia	St Stephen, First-crowned King of Serbia (Simon the Monk) (1224)	1.0
present	09-25	Repose of Venerable Sergius the Wonderworker, Abbot of Radonezh	Repose of Ven. Sergius of Radonezh	1.0
present	09-25	Venerable Euphrosyne of Alexandria	Our Righteous Mother Euphrosyne (ca. 445)	1.0
present	09-25	Venerable Euphrosynē of Suzdal	Our Righteous Mother Euphrosyne (ca. 445)	1.0
missing	09-25	First Translation of the relics of Saint Herman, Archbishop of Kazan		0.0
present	09-25	Martyr Paphnutius and 546 companions in Egypt	Paphnoutios the Martyr & his 546 Companions in Egypt	1.0
missing	09-25	Saint Arsenius the Great, Catholicos of Georgia		0.0
missing	09-25	Wonderworking Boyan Icon of the Mother of God		0.0
missing	09-25	Assuage My Sorrows Icon of the Mother of God		0.0
missing	09-25	Commemoration of the Earthquake of 447		0.0
present	09-26	Repose of the Holy Apostle and Evangelist John the Theologian	Repose of St John the Theologian	1.0
missing	09-26	Venerable Ephraim, Abbot of Perekop, Wonderworker of Novgorod		0.0
missing	09-26	Arrival of the Ivḗron Icon of the Mother of God in Georgia		0.0
present	09-27	Martyr Callistratus and 49 companions	Martyr Callistratus and Companions	1.0
probable	09-27	Venerable Sabbatius, Wonderworker of Solovki	Ven. Sabbatius of Solovetsk	0.5
present	09-27	Apostle Mark of the Seventy	Holy Apostles Mark, Aristarchus and Zenas of the Seventy	1.0
present	09-27	Apostle Aristarchus of the Seventy	Holy Apostles Mark, Aristarchus and Zenas of the Seventy	1.0
present	09-27	Apostle Zenas of the Seventy	Holy Apostles Mark, Aristarchus and Zenas of the Seventy	1.0
missing	09-27	Martyr Epicharis of Rome		0.0
missing	09-27	Saint Ignatius of Christ the Savior Monastery		0.0
missing	09-27	Saint Flavian, Archbishop of Antioch		0.0
present	09-27	New Martyr Aquilina	Holy New Martyr Aquilina (1764)	1.0
missing	09-27	Saint Anthimus the Georgian		0.0
probable	09-28	Venerable Chariton the Confessor, Abbot of Palestine	Ven. Chariton the Confessor	0.5
missing	09-28	Synaxis of the Venerable Fathers of the Kiev Near Caves		0.0
probable	09-28	Venerable Chariton of Syanzhemsk, Vologda	Ven. Chariton the Confessor	0.5
missing	09-28	Venerable Herodion, Abbot of Iloezersk		0.0
present	09-28	Prophet Baruch	Holy Prophet Baruch (6th c. BC)	1.0
missing	09-28	Martyr Alexander and 30 others in Pisidia and Phrygia		0.0
missing	09-28	Martyr Wenceslaus, Prince of the Czechs		0.0
elsewhere	09-28	Schema-monk Cyril and Schema-nun Maria, the parents of Saint Sergius of Radonezh	09-25  Our Holy Father Sergius of Radonezh (1392)	1.0
probable	09-29	Venerable Kyriakos the Anchorite	Ven. Cyriacos, Hermit of Palestine	0.5
probable	09-29	Martyrs Dadas, Gabdelas, and Kazdoa of Persia	Holy Martyrs Dada and those with them (4th c.)	0.5
present	09-29	Venerable Theophanes the Merciful of Gaza	Theophanes the Merciful of Gaza	1.0
missing	09-29	Saint Onuphrius of Saint David Gareji Monastery, Georgia		0.0
present	09-29	Saint Cyprian of Ustiug	Venerable Cyprian of Ustiug (1276)	1.0
present	09-30	Hieromartyr Gregory, Bishop of Greater Armenia, Equal of the Apostles, Enlightener of Armenia	Hieromartyr Gregory of Armenia	1.0
probable	09-30	Venerable Gregory, Abbot of Pelsheme and Wonderworker of Vologda	Ven. Gregory of Vologda	0.67
present	09-30	Saint Michael, first Metropolitan of Kiev	Our Father among the Saints Michael, Metropolitan of Kiev (992)	1.0
missing	09-30	Martyrs Rhipsime and Gaianḗ of Armenia and those with them		0.0
probable	10-01	The Protection of our Most Holy Lady the Mother of God and Ever-Virgin Mary	Protection (Pokrov) of the Most-Holy Theotokos	0.5
present	10-01	Apostle Ananias of the Seventy	Holy Apostle Ananias of the Seventy	1.0
probable	10-01	Venerable Romanus the Melodist, “Sweet-Singer”	St Romanos the Melodist of Constantinople (556)	0.67
missing	10-01	Venerable Savva, Abbot of Vishera, Novgorod		0.0
missing	10-01	Martyr Domninus of Thessalonica		0.0
missing	10-01	Martyr Michael, Abbot in Armenia, and 36 Fathers with him		0.0
missing	10-01	Venerable John (Koukouzelis) the Hymnographer of Mount Athos		0.0
present	10-01	Venerable Gregory Domesticus of the Great Lavra, Mount Athos	Our Holy Father Gregory the Choirmaster (Domestikos) of the Great Lavra (1355)	0.75
probable	10-01	“Pskov-Protection” Icon of the Mother of God	Protection (Pokrov) of the Most-Holy Theotokos	0.25
missing	10-01	Equals of the Apostles, Emperor Mirian and Empress Nana of Georgia; Saint Sidonia; the Commemoration of the apparition of the Pillar with the Robe of the Lord under it at Mtskheta in Georgia		0.0
missing	10-01	Icon of the Mother of God of Gerbovets		0.0
missing	10-01	Icon of the Mother of God of Barsk		0.0
missing	10-01	Icon of the Mother of God of Kasperov		0.0
missing	10-01	Saint Melchizedek I, Catholicos-Patriarch of All Georgia		0.0
missing	10-01	“Terebovlya” Icon of the Mother of God		0.0
missing	10-01	Saint Joseph of Bisericani Monastery (late XV century)		0.0
present	10-02	Hieromartyr Cyprian, Virgin Martyr Justina, and Martyr Theoctistus, of Nicomedia	Hieromartyr Cyprian, Martyrs Justina and Theoctistus	1.0
present	10-02	Blessed Andrew the Fool-For-Christ at Constantinople	Bl. Andrew, Fool-for-Christ	1.0
missing	10-02	Repose of the Holy Right-believing Princess Anna of Kashin		0.0
present	10-02	Venerable Cassian of Uglich	St Cassian the Greek, Wonderworker of Uglich (1504)	1.0
elsewhere	10-02	Martyrs David and Constantine, Princes of Georgia	09-19  Rt. Blv. Theodore, Prince of Smolensk, and his sons Ss David and Constantine of Yaroslavl	0.75
missing	10-02	Righteous Admiral Theodore Ushakov of the Russian Naval Fleet		0.0
present	10-03	Hieromartyr Dionysius the Areopagite, Bishop of Athens	Hieromartyr Dionysius the Areopagite	1.0
present	10-03	Martyrs Rusticus the Presbyter and Eleutherius the Deacon	Martyrs Rusticus the Presbyter and Eleutherius the Deacon	1.0
probable	10-03	Venerable Dionysius the Recluse of the Kiev Caves	Hieromartyr Dionysius the Areopagite	0.5
present	10-03	Saint John the Chozebite, Bishop of Caesarea, Palestine	St John the Chozebite, Bishop of Caesarea	1.0
missing	10-03	Venerable Hesychius of Mount Horeb		0.0
missing	10-03	Saint Damaris of Athens		0.0
present	10-04	Hieromartyr Hierotheus, Bishop of Athens	Hieromartyr Hierotheus, Bishop of Athens	1.0
present	10-04	Uncovering of the relics of Saint Gurias, first Archbishop of Kazan, and Saint Barsanuphius, Bishop of Tver	Unc. Rel. Gurias of Kazan and Varsanuphy of Tver	0.8
missing	10-04	Synaxis of the Hierarchs of Kazan		0.0
missing	10-04	Right-believing Prince Vladimir Yaroslavich of Novgorod		0.0
missing	10-04	Venerable Helladius of the Kiev Near Caves		0.0
missing	10-04	Venerable Onesimus of the Kiev Near Caves		0.0
probable	10-04	Venerable Ammon the recluse of the Kiev Caves	Our Holy Father Ammon of Egypt (4th c)	0.5
missing	10-04	Martyrs Gaius, Faustus, Eusebius, and Chaeremon, of Alexandria		0.0
missing	10-04	Martyr Peter of Capitolias		0.0
present	10-04	Martyr Domnina with her daughters of Syria	Domnina the Martyr and her daughters	1.0
present	10-04	Venerable Ammon	Our Holy Father Ammon of Egypt (4th c)	1.0
elsewhere	10-04	Venerable Paul the Simple of Egypt	03-07  Paul the Simple	1.0
missing	10-04	Martyr Callisthene and her father Audactus of Ephesus		0.0
missing	10-04	Saint Stephen Stiljianovitch of Serbia		0.0
missing	10-04	Martyr Evdemoz, Catholicos of Georgia		0.0
missing	10-04	Saint Elena of Serbia		0.0
missing	10-04	Saints Jonah and Nectarius of Kazan		0.0
present	10-05	Martyr Charitina of Amisos	Holy Martyr Charitina of Amissos (304)	1.0
missing	10-05	Synaxis of the Hierarchs of Moscow		0.0
elsewhere	10-05	Venerable Damian the Healer, Jeremiah, and Matthew, Clairvoyants, of the Kiev Caves	08-28  Synaxis of the Kiev Cave Fathers	1.0
probable	10-05	Saint Charitina, Princess of Lithuania	Holy Martyr Charitina of Amissos (304)	0.5
elsewhere	10-05	Hieromartyr Dionysius, Bishop of Alexandria	10-03  Holy Hieromartyr Dionysius, Bishop of Alexandria, and his disciples (258)	1.0
missing	10-05	Martyr Memelchtha of Persia		0.0
missing	10-05	Saint Gregory of Chandzoe, Georgia		0.0
present	10-05	Venerable Eudokimos of Vatopedi Monastery on Mount Athos	Eudokimos the Unknown of Mount Athos	0.75
present	10-05	Righteous Methodia of Kimolos	Our Holy Mother Methodia of Kimolos (1865)	1.0
missing	10-05	Venerable Fathers and Mothers of the Klarjeti Wilderness		0.0
probable	10-06	Glorification of Saint Innocent, Metropolitan of Moscow, Enlightener of the Aleuts, Apostle to the Americas	Repose of St Innocent, Enlightener of Alaska and Siberia, Metropolitan of Moscow (1879)	0.67
present	10-06	Holy, Glorious Apostle Thomas	Holy Apostle Thomas	1.0
missing	10-06	Monastic Martyr Macarius of Saint Anne Skete, Mount Athos		0.0
missing	10-06	“O All-Hymned Mother” Icon of the Mother of God		0.0
present	10-07	Martyrs Sergius and Bacchus in Syria	Martyrs Sergius and Bacchus in Syria	1.0
probable	10-07	Venerable Sergius, Abbot of Nurma, disciple of Venerable Sergius of Radonezh, Vologda	Martyrs Sergius and Bacchus in Syria	0.33
missing	10-07	Uncovering of the relics of Venerable Martinian, Abbot of Belozersk		0.0
present	10-07	Martyrs Julian the Presbyter and Caesarius the Deacon at Terracina	Julian the Presbyter & Caesarius the Deacon	1.0
elsewhere	10-07	Martyr Pelagia of Tarsus	05-04  Virgin Martyr Pelagia of Tarsus	1.0
present	10-07	Martyr Polychronius the Presbyter	Holy Hieromartyr Polychronius (4th c.)	1.0
missing	10-07	99 Martyred Fathers of Crete		0.0
missing	10-07	“Tenderness” Icon of the Mother of God		0.0
missing	10-07	Venerable Joseph the Elder and Wonderworker of Khevi, Georgia		0.0
present	10-08	Venerable Pelagia the Penitent	Ven. Pelagia the Penitent	1.0
missing	10-08	Venerable Dositheus, Abbot of Verkneostrov, Pskov		0.0
missing	10-08	Venerable Tryphon, Abbot of Vyatka		0.0
probable	10-08	Venerable Thais of Egypt	Saint Thaïs the Repentant Harlot (4th c.)	0.5
probable	10-08	Virgin Martyr Pelagia of Antioch	Ven. Pelagia the Penitent	0.33
missing	10-08	Monastic Martyr Ignatius the Monk of Bulgaria		0.0
present	10-09	Glorification of Saint Tikhon, Patriarch of Moscow and All Russia, Enlightener of North America	Repose of St Tikhon, Patriarch of Moscow and All Russia, Confessor (1925)	1.0
present	10-09	Apostle James, son of Alphaeus	Holy Apostle James, Son of Alphaeus.	1.0
present	10-09	Venerable Andronicus, and his wife Athanasia, of Egypt	Saints Andronicus and Athanasia (5th c.)	1.0
probable	10-09	Righteous Forefather Abraham	Holy and Righteous Abraham and Lot	0.5
present	10-09	Righteous Lot	Holy and Righteous Abraham and Lot	1.0
missing	10-09	Martyrs Juventius and Maximus at Antioch		0.0
missing	10-09	Saint Publia the Confessor, Deaconess of Antioch		0.0
missing	10-09	Venerable Peter the former soldier		0.0
present	10-09	Hieromartyr Dionysius of Paris, Bishop	Holy Hieromartyr Denis (Dionysius), first Bishop of Paris (ca. 258)	1.0
missing	10-09	Icon of the Mother of God of Korsun		0.0
missing	10-09	“Assuage My Sorrows” Icon of the Mother of God		0.0
present	10-09	Saint Stephen of Serbia, “the blind one”	St Stephen the Blind, Prince of Serbia (1476)	0.75
present	10-10	Martyrs Eulampius and Eulampia, at Nicomedia, and 200 Martyrs with them	Martyrs Eulampius and Eulampia at Nicomedia	1.0
missing	10-10	Saint Amphilochius, Bishop of Vladimir, Volhynia		0.0
missing	10-10	Synaxis of the Saints of Volhynia		0.0
present	10-10	Blessed Andrew of Totma the Fool-For-Christ	Blessed Fool for Christ Andrew of Totma (1637)	1.0
missing	10-10	Martyr Theotecnus of Antioch		0.0
present	10-10	Saint Bassian of Constantinople	Vassianos the Righteous of Constantinople	1.0
missing	10-10	Saint Theophilus the Confessor of Bulgaria		0.0
missing	10-10	Venerable Ambrose of Optina		0.0
elsewhere	10-10	Hieromartyr and Metropolitan of Moscow and Krutitsy, Peter Polyansky	12-21  Our Holy Father Peter, Metropolitan of Moscow (1326)	1.0
missing	10-10	Icon of the Mother of God “of the Akathist” of Zographou Monastery		0.0
missing	10-10	26 Monastic Martyrs of Zographou Monastery on Mount Athos		0.0
present	10-11	Commemoration of the Holy Fathers of the Seventh Ecumenical Council	Fathers of the Seventh Ecumenical Council	1.0
present	10-11	Venerable Philotheus, Patriarch of Constantinople	Our Holy Father Philotheos Kokkinos,Patriarch of Constantinople (1379)	1.0
present	10-11	Apostle Philip of the Seventy, One of the Seven Deacons	Apostle Philip of the Seventy	1.0
probable	10-11	Saint Theophanes the Confessor and Hymnographer, Bishop of Nicea	Saint Theophanes the Hymnographer (the Branded) (847)	0.67
probable	10-11	Venerable Theophanes the Faster of the Kiev Near Caves	Saint Theophanes the Hymnographer (the Branded) (847)	0.33
missing	10-11	Venerable Leonid of Optina		0.0
missing	10-11	Synaxis of the Venerable Fathers of Optina		0.0
missing	10-11	Virgin Martyrs Zenaΐda and Philonίlla, of Tarsus in Cilicia		0.0
elsewhere	10-11	Commemoration of the Miracle of the Icon of Our Lord Jesus Christ in Beret	01-01  The Circumcision of Our Lord Jesus Christ	0.75
present	10-11	Venerable Ethelburga	Ethelburga, Abbess of Barking	1.0
present	10-12	Martyrs Probus, Tarachus, and Andronicus, at Tarsus in Cilicia	Martyrs Probus, Tarachus and Andronicus	1.0
elsewhere	10-12	Saint Cosmas the Hymnographer, Bishop of Maiuma	10-14  Saint Cosmas the Hymnographer (8th c.)	1.0
missing	10-12	Venerable Amphilochius, Abbot of Glushetsa		0.0
missing	10-12	Martyr Domnina of Anazarbus		0.0
elsewhere	10-12	Saint Martin the Merciful, Bishop of Tours	11-12  Our Father among the Saints Martin, Bishop of Tours (397)	1.0
missing	10-12	“Jerusalem” Icon of the Mother of God		0.0
missing	10-12	Saint Edwin, King and Martyr		0.0
missing	10-12	Icon of the Mother of God of Rudens		0.0
missing	10-12	Translation from Malta to Gatchina: of a Particle of the Life Giving Cross, the Filersk Icon of the Mother of God, and the relic of the Right Hand of John the Baptist		0.0
missing	10-12	New Martyr John, Archbishop of Riga and Latvia		0.0
missing	10-12	Saint Tarasius of Glushetsa		0.0
missing	10-12	Saint Macarius, Abbot of Glushetsa		0.0
missing	10-12	Icon of the Mother of God of Yaroslav-Smolensk		0.0
missing	10-12	Icon of the Mother of God of Kaluga		0.0
probable	10-13	Martyrs Carpus, Papylus, Agathadorus, and Agathonica, at Pergamum	Martyrs Carpus, Papylus, Agathodorus and Agathonica, at Pergamus	0.6
probable	10-13	Venerable Benjamin of the Kiev Caves	Benjamin the Deacon	0.5
present	10-13	Martyr Florentius of Thessalonica	Florentios the Martyr of Thessaloniki	1.0
present	10-13	Martyr Benjamin the Deacon of Persia	Benjamin the Deacon	1.0
missing	10-13	Saint Nikḗtas the Confessor of Paphlagonia		0.0
probable	10-13	New Martyr Zlata of Meglena, Bulgaria	Holy Martyr Zlata (Chryse) (1796)	0.5
missing	10-13	Translation of the Ivḗron Icon of the Mother of God to Moscow		0.0
missing	10-13	“Seven Lakes” Icon of the Mother of God		0.0
missing	10-13	Saint Anthony, Metropolitan of Chqondidi, and Saint Jacob, Elder of Chqondidi		0.0
present	10-14	Martyrs Gervasius, Nazarius, Protasius, and Celsus of Milan	Holy Martyrs Nazarius, Gervasius, Protasius, and Celsus of Milan (1st c.)	1.0
probable	10-14	Venerable Paraskevi (Petka) of Serbia	Ven. Parasceva of Serbia	0.67
present	10-14	Venerable Nicholas Sviatosha Prince of Chernigov, and Wonderworker of the Kiev Near Caves	Saint Nicholas the Pious (Sviatosha), Prince of Chernigov (1143)	0.8
missing	10-14	Hieromartyr Silvanus of Gaza		0.0
missing	10-14	Icon of the Mother of God of Yakhrom		0.0
probable	10-15	Venerable Euthymius the New of Thessalonica, and Monk of Mount Athos	Ven. Euthymius the New of Thessalonica	0.67
present	10-15	Martyr Lucian the Presbyter of Antioch	Holy Hieromartyr Lucian, Presbyter of the Church of Antioch (312)	1.0
missing	10-15	Saint John, Bishop of Suzdal		0.0
probable	10-15	Hieromartyr Lucian the Presbyter of the Kiev Caves	Holy Hieromartyr Lucian, Presbyter of the Church of Antioch (312)	0.5
missing	10-15	Martyrs Sarbelius and Bebaia of Edessa		0.0
present	10-15	Saint Sabinus, Bishop of Catania	Savinos the Bishop of Catania	1.0
missing	10-15	“Multiplier of Wheat” Icon of the Mother of God		0.0
present	10-16	Martyr Longinus the Centurion, who stood at the Cross of the Lord	Martyr Longinus the Centurion	1.0
probable	10-16	Venerable Longinus the Gatekeeper of the Kiev Caves	Martyr Longinus the Centurion	0.5
probable	10-16	Venerable Longinus of Yarenga	Martyr Longinus the Centurion	0.5
probable	10-16	Martyr Longinus of Asistavi	Martyr Longinus the Centurion	0.5
missing	10-16	Saint Eupraxia, Princess of Pskov		0.0
missing	10-16	Saint Domna of Tomsk		0.0
present	10-17	Prophet Hosea	Prophet Hosea	1.0
present	10-17	Monastic Martyr Andrew of Crete	Monastic Martyr Andrew of Crete	1.0
missing	10-17	Venerable Anthony, Abbot of Leokhnov, Novgorod		0.0
present	10-17	Martyrs and Unmercenaries Cosmas and Damian in Cilicia, and their brothers, Leontius, Anthimus, and Eutropius	Holy Martyrs Cosmas and Damian, the Unmercenaries of Cilicia (4th c.)	1.0
missing	10-17	Translation of the relics of Saint Lazarus “of the Four Days in the Tomb”, Bishop of Kiteia, Cyprus		0.0
probable	10-17	“A Virgin Before and After Giving Birth” Icon of the Mother of God	Saturday of the 20th week after Pentecost	0.25
missing	10-17	“Deliverer” Icon of the Mother of God		0.0
missing	10-17	Saint Joseph, Catholicos of Georgia		0.0
missing	10-17	Martyr Kozman		0.0
missing	10-17	Martyr Susanna, Queen of Georgia		0.0
present	10-18	Apostle and Evangelist Luke	Holy Apostle and Evangelist Luke	1.0
present	10-18	Martyr Marinus the Elder at Anazarbus	Marinos the Martyr	1.0
missing	10-18	Venerable Julian the Hermit of Mesopotamia		0.0
missing	10-18	Venerable Joseph the Wonderworker, Igumen of Volokolamsk		0.0
missing	10-18	Saint James the Deacon		0.0
missing	10-18	Saint Peter of Cetinje		0.0
missing	10-18	Saint David of Serpukhov		0.0
missing	10-18	"""Machairotissa"" Icon of the Mother of God"		0.0
present	10-19	Prophet Joel	Prophet Joel	1.0
present	10-19	Martyr Varus, and seven Monastic Martyrs with him	Holy Martyr Varus and those with him (304)	1.0
probable	10-19	Translation of the relics of Venerable John, Abbot of Rila, Bulgaria	Relics Ven. John of Rila	0.67
probable	10-19	Blessed Cleopatra with her son John, in Egypt	Righteous John, Wonderworker of Kronstadt (1908).	0.5
probable	10-19	Hieromartyr Sadoc (Sadoth), Bishop of Persia, and 128 Martyrs with him	Holy Martyr Varus and those with him (304)	0.5
missing	10-19	Venerable Prochorus of Pcinja		0.0
present	10-20	Greatmartyr Artemius at Antioch	Greatmartyr Artemius at Antioch	1.0
probable	10-20	Righteous Child Artemius of Verkola	Greatmartyr Artemius at Antioch	0.5
present	10-20	Venerable Gerasimus the New Ascetic of Cephalonia	St Gerasimus the New, ascetic of Cephalonia (1579)	1.0
present	10-20	Venerable Matrona of Chios	Ven. Matrona of Chios	1.0
missing	10-20	Icon of the Mother of God of Filersk		0.0
missing	10-20	The Uncovering of the Relics of the Hieromartyr Νikόdēmos, Bishop of Belgorod		0.0
present	10-21	Venerable Hilarion the Great	Ven. Hilarion the Great	1.0
probable	10-21	Translation of the relics of Saint Hilarion, Bishop of Meglin in Bulgaria	Ven. Hilarion the Great	0.5
probable	10-21	Venerable Hilarion the Schemamonk of the Kiev Caves	Ven. Hilarion the Great	0.5
probable	10-21	Venerable Hilarion, Abbot of Gdov and Pskov Lake	Ven. Hilarion the Great	0.5
missing	10-21	Venerable Theophilus and Jacob, Abbots of Omutch, Pskov		0.0
missing	10-21	Martyrs Gaius, Dasius, and Zoticus at Nicomedia		0.0
present	10-21	Venerable Philotheus of Dionysiou of Mount Athos	Righteous Philotheus	1.0
missing	10-21	Venerable Bessarion Sarai the Confessor in Romania		0.0
missing	10-21	Saint Sophronius, Confessor of Ciorara, Romania		0.0
missing	10-21	Martyr Oprea of Salistie in Romania		0.0
probable	10-21	Saint Hilarion, Metropolitan of Kiev	Ven. Hilarion the Great	0.5
missing	10-21	Martyr Moses (Macinic) the Confessor		0.0
probable	10-21	Saint John of Galesh	Holy New Martyr John of Monembasia (1773)	0.5
present	10-21	New Martyr John of Monemvasia	Holy New Martyr John of Monembasia (1773)	1.0
present	10-22	Saint Averkios the Wonderworker, Bishop of Hieropolis, Equal of the Apostles	St Abercius, Equal-to-the-Apostles	1.0
present	10-22	7 Holy Youths “Seven Sleepers” of Ephesus	Holy Seven Youths of Ephesus	1.0
missing	10-22	Hieromartyr Alexander, Bishop of Adrianopolis, and the Martyrs Heraclius, Anna, Elizabeth, Theodota, and Glyceria		0.0
missing	10-22	Commemoration of the Kazan Icon of the Mother of God and the deliverance from the Poles		0.0
missing	10-22	Icon of the Mother of God of Andronicus		0.0
missing	10-22	Saints Paul and Theodore of Rostov		0.0
present	10-22	Venerable Lot of Egypt	Venerable Lot of Egypt (5th c.)	1.0
present	10-23	Saint Macarius the Roman of Mesopotamia	Saint Macarius the Roman of Mesopotamia (?)	1.0
present	10-23	Apostle James, the Brother of the Lord	Holy Apostle James, Brother of the Lord	1.0
probable	10-23	Translation of the relics of Blessed James of Borovichi, Wonderworker of Novgorod	Holy Apostle James, Brother of the Lord	0.33
present	10-23	Saint Ignatius, Patriarch of Constantinople	Our Righteous Father Ignatius, Patriarch of Constantinople	1.0
missing	10-23	Venerable Elisha of Lavreshev		0.0
present	10-24	Memorial Saturday of Saint Demetrius	Memorial (Demetrius) Saturday	1.0
probable	10-24	Martyr Arethas and 4,299 Martyrs with him	Martyr Arethas and Companions	0.5
probable	10-24	Venerable Arethus the Recluse of the Kiev Near Caves	Martyr Arethas and Companions	0.5
elsewhere	10-24	Venerable Sisoes the Recluse of the Kiev Near Caves	01-29  St Laurence, Recluse of the Kiev Caves	0.75
elsewhere	10-24	Venerable Theophilus the Recluse of the Kiev Near Caves	01-29  St Laurence, Recluse of the Kiev Caves	0.75
missing	10-24	Blessed Elesbaan, King of Ethiopia		0.0
missing	10-24	Martyr Syncletica and her two daughters		0.0
missing	10-24	Saint Athanasius, Patriarch of Constantinople		0.0
missing	10-24	“Joy of All Who Sorrow” Icon of the Mother of God		0.0
elsewhere	10-24	Saint John, Hermit of Pskov	03-29  Our Holy Father John the Hermit (4th c.)	1.0
present	10-25	Martyrs Marcian and Martyrius, the Notaries of Constantinople	Martyrs Marcian and Martyrius the Notaries	1.0
probable	10-25	Venerable Martyrius the Deacon, Recluse of the Kiev Caves	Martyrs Marcian and Martyrius the Notaries	0.33
missing	10-25	Martyr Anastasius the Fuller at Salona in Dalmatia		0.0
probable	10-25	Saint Tabitha the Widow, raised from the dead by the Apostle Peter	St Tabitha of Joppa	0.5
present	10-26	Holy, Glorious Demetrios the Myrrh-gusher of Thessaloniki	Greatmartyr Demetrius	1.0
elsewhere	10-26	Commemoration of the Great Earthquake at Constantinople	09-25  Commemoration of the Great Earthquake at Constantinople (447) and the Miracle of the Trisagion	1.0
elsewhere	10-26	Saint Theophilus of the Kiev Caves, Bishop of Novgorod	08-28  Synaxis of the Kiev Cave Fathers	1.0
missing	10-26	Martyr Lupus		0.0
missing	10-26	Venerable Athanasius of Medikion Monastery		0.0
missing	10-26	Monastic Martyr Joseph of Dionysiou, Mount Athos		0.0
present	10-26	Saint Demetrius of Tsilibinsk	Greatmartyr Demetrius	1.0
missing	10-27	Righteous Mother Olga of Kwethluk–Tanqilria Arrsamquq–Wonderworker, Matushka of All Alaska		0.0
present	10-27	Martyr Nestor of Thessalonica	Martyr Nestor of Thessalonica	1.0
probable	10-27	Venerable Nestor the Chronicler of the Kiev Caves	Martyr Nestor of Thessalonica	0.5
missing	10-27	Uncovering of the relics of Saint Andrew, Prince of Smolensk		0.0
missing	10-27	Martyrs Capitolina and Eroteis of Cappadocia		0.0
missing	10-27	Saint Claudia Procula		0.0
missing	10-27	Martyrs Mark, Soterikhos, and Valentine		0.0
missing	10-27	“The Sign” Icon of the Mother of God		0.0
present	10-27	Saint Demetrius of Basarabov	Our Venerable Father Demetrius of Basarabov (Romania) (13th c.)	1.0
probable	10-27	Saint Nestor (not the Chronicler) of the Far Kiev Caves	Martyr Nestor of Thessalonica	0.5
missing	10-27	Hierarch Alexander, Bishop of Guria and Samegrelo		0.0
elsewhere	10-28	Venerable Stephen the Hymnographer of Saint Savva Monastery	07-13  Stephen of Mar Sabbas Monastery	0.75
present	10-28	Repose of Saint Arsenius, Archbishop of Serbia	St Arsenius of Serbia	1.0
missing	10-28	Greatmartyr Paraskevi of Iconium		0.0
present	10-28	Repose of Venerable Job the Wonderworker, Abbot of Pochaev	Rep. Ven. Job of Pochaev	1.0
present	10-28	Saint Demetrius (Dimitri), Metropolitan of Rostov	St Dimitri (Demetrius) of Rostov (1709)	1.0
probable	10-28	Martyrs Africanus, Terence, Maximus, Pompeius, and 36 others, of Carthage	Martyrs Terence, Neonila and Children	0.33
present	10-28	Martyrs Terence and Neonila, and their children	Martyrs Terence, Neonila and Children	1.0
present	10-28	Hieromartyr Cyriacus, Patriarch of Jerusalem	Holy Hieromartyr Cyriacus, Bishop of Jerusalem, and his mother Anna (4th c.)	1.0
elsewhere	10-28	Venerable John the Chozebite	10-03  St John the Chozebite, Bishop of Caesarea	1.0
missing	10-28	Martyr Neophytus of Urbin, Georgia		0.0
missing	10-28	Venerable Athanasius the Younger, Patriarch of Constantinople		0.0
probable	10-28	Saint Arsenius of Cappadocia	St Arsenius of Serbia	0.5
probable	10-29	Monastic Martyr Anastasia of Rome	Martyr Anastasia the Roman	0.5
present	10-29	Venerable Abramius the Recluse, and his niece, Blessed Mary, of Mesopotamia	Our Holy Father Abramius (366) and his niece Mary (371) of Mesopotamia	1.0
probable	10-29	Venerable Abramius, Archimandrite of Rostov	Ven. Avram of Rostov	0.67
missing	10-29	Martyr Claudius, Asterius, Neon, and Theonilla of Aegæ in Cilicia		0.0
missing	10-29	Righteous Anna of Constantinople		0.0
missing	10-29	Monastic Martyr Timothy of Esphigmenou, Mount Athos		0.0
missing	10-29	Saint Serapion of Zarzma		0.0
missing	10-29	Saint Melitina		0.0
present	10-30	Hieromartyr Zenobios and his sister Zenobia, of Aegæ in Cilicia	Hieromartyr Zenobius and His Sister Zenobia	1.0
elsewhere	10-30	Apostle Tertius of the Seventy	11-10  Apostles of the 70 Erastus, Olympas, Herodion, Sosipater, Quartus, Tertius	1.0
elsewhere	10-30	Apostle Mark of the Seventy	09-27  Holy Apostles Mark, Aristarchus and Zenas of the Seventy	1.0
missing	10-30	Apostle Justus of the Seventy		0.0
missing	10-30	Apostle Artemas of the Seventy		0.0
missing	10-30	Hieromartyr Marcian, Bishop of Syracuse		0.0
missing	10-30	Martyr Eutropia of Alexandria		0.0
elsewhere	10-30	Martyr Anastasia of Thessalonica	04-04  Theonas, Archbishop of Thessaloniki, Founder and Renovator of the Sacred Monastery of Saint Anastasia of Pharmakolytria, Halkidiki	1.0
missing	10-30	Saint Stephen Milutin of Serbia		0.0
missing	10-30	Venerable Dragutin (Theoctistus in Monasticism) of Serbia		0.0
missing	10-30	Saint Helen of Serbia		0.0
missing	10-30	Ozeryana Icon of the Mother of God		0.0
missing	10-30	Saint Jotham Zedgenidze		0.0
probable	10-31	Priestmartyr John Kochurov	Hieromartyr John Kochurov, Protopresbyter of Chicago and Tsarskoye Selo (1917)	0.67
present	10-31	Holy Apostles Stakhys, Apelles, Amplias, Urban, and Narcissus of the 70	Holy Apostles Stachys, Apelles, Amplias, Urban, Narcissus and Aristobolus.	1.0
elsewhere	10-31	Apostle Aristobulus of the Seventy	03-16  Holy Apostle Aristobulus of the Seventy, first Bishop of Britain (1st c.)	1.0
missing	10-31	Apostle Epίmakhos of Alexandria		0.0
elsewhere	10-31	Venerable Spyridon and Νikόdēmos the Prosphora-bakers, of the Kiev Caves	08-28  Synaxis of the Kiev Cave Fathers	1.0
missing	10-31	Venerable Maura of Constantinople		0.0
missing	10-31	100,000 Martyrs of Tbilisi by the Mongols		0.0
present	11-01	Holy Wonderworkers and Unmercenaries Cosmas and Damian of Mesopotamia	Unmercenaries and Wonderworkers Cosmas and Damian	1.0
present	11-01	Saint Theodota, mother of the Unmercenaries Cosmas and Damian	St Theodota, Mother of Cosmas and Damian	1.0
elsewhere	11-01	Hieromartyrs John the Bishop and Jacob (James) the Presbyter, of Persia	11-27  Greatmartyr Jacob of Persia	0.75
missing	11-01	Martyrs Kyriaina and Juliana in Cilicia		0.0
missing	11-01	Martyr Hermenegild the Goth of Spain		0.0
missing	11-01	Martyrs Cæsarius, Dacius, Savva, Sabinian, Agrippa, Adrian, and Thomas, at Damascus		0.0
missing	11-01	Monastic Martyrs James and his two disciples, James the Deacon, and Dionysios the Monk		0.0
present	11-01	Virgin Martyr Helen of Sinope	Holy New Martyr Helen of Sinope (18th c.)	1.0
present	11-02	Martyrs Acindynus, Pegasius, Aphthonius, Elpidephorus, Anempodistus, and 7,000 with them, of Persia	Martyrs Acindynus, Pegasius, Aphthonius, Elpidophorus, and Anempodistus of Persia	0.83
missing	11-02	Saint Marcian of Cyrrhus		0.0
missing	11-02	“Ozerianka” Icon of the Mother of God of Shuiu-Smolensk		0.0
probable	11-03	Hieromartyrs Akepsimas, Bishop in Persia, Presbyter Joseph, and Deacon Aeithalas	Martyrs Acepsimus, Joseph, Aithalas	0.67
missing	11-03	Consecration of the Church of the Holy Great Martyr George in Lydda		0.0
missing	11-03	Martyrs Eudoxios, Agapios, Atticus, and those with them, at Sebaste		0.0
probable	11-03	Venerable Akepsimas the Hermit of Cyrrhus in Syria	Martyrs Acepsimus, Joseph, Aithalas	0.33
missing	11-03	Saint Snandulia of Persia		0.0
missing	11-03	Venerable Pimen the Bulgarian of the Zographou Monastery, Mount Athos		0.0
missing	11-03	Princess Anna Vsevolodna		0.0
missing	11-03	Venerable Nicholas, Radiant Star of the Georgians		0.0
present	11-03	Saint Akepsimas	Martyrs Acepsimus, Joseph, Aithalas	1.0
missing	11-04	Hieromartyr Seraphim (Samoilovich), Archbishop of Uglich		0.0
present	11-04	Venerable Joannicius the Great	Ven. Joannicus the Great	1.0
present	11-04	Hieromartyrs Nicander, Bishop of Myra, and Hermas, the Presbyter	The Holy Hieromartyrs Nicander, Bishop of Myra, and Hermias the Presbyter	0.75
elsewhere	11-04	Venerable Mercurius the Faster of the Kiev Caves	08-28  Synaxis of the Kiev Cave Fathers	1.0
probable	11-04	Venerable Nicander, Abbot of Gorodensk, Novgorod	The Holy Hieromartyrs Nicander, Bishop of Myra, and Hermias the Presbyter	0.33
missing	11-04	Saints John, Stephen, and Isaiah of Georgia		0.0
missing	11-04	Blessed Simon of Yurievets		0.0
missing	11-04	Venerable Gabriel of Atonelni		0.0
probable	11-05	Martyrs Galaction and his wife, Epistemis, at Emesa	Martyrs Galacteon and Wife Epistemis	0.67
present	11-05	Repose of Saint Jonah, Archbishop of Novgorod	Repose St Jonah of Novgorod	1.0
present	11-05	Apostles Patrobus, Hermes, Linus, Gaius, and Philologus, of the Seventy	Holy Apostles Patrobas, Hermas, Linus, Gaius and Philologus	1.0
present	11-05	Saint Gregory, Archbishop of Alexandria	Our Holy Father Gregory the Confessor, Patriarch of Alexandria (early 9th c.)	1.0
present	11-06	Saint Paul the Confessor, Archbishop of Constantinople	St Paul the Confessor of Constantinople	1.0
missing	11-06	Venerable Barlaam, Abbot of Khutyn, Novgorod		0.0
probable	11-06	Venerable Luke the Steward of the Kiev Caves	Ven. Luke of Sicily (Taormina)	0.25
present	11-06	Repose of Saint Herman, Archbishop of Kazan	Rep. St Herman, Archbishop of Kazan	1.0
missing	11-06	Venerable Barlaam of Keret Lake		0.0
missing	11-06	Martyrs Tecusa, Alexandra, Claudia, Matrona, Polactia, Euphrosynē, and Athanasia, of Ancyra		0.0
present	11-06	Venerable Luke of Sicily	Ven. Luke of Sicily (Taormina)	1.0
missing	11-06	Holy Virgin Martyr Manatho		0.0
missing	11-07	33 Holy Martyrs of Melitene		0.0
present	11-07	Venerable Lazarus, Wonderworker of Mount Galesius Near Ephesus	Lazarus the Wonderworker	1.0
missing	11-07	The Discovery of the Relics of Venerable Zosimas, Abbot of Vorbozomsk		0.0
missing	11-07	Finding of the relics of Venerable Cyril, Abbot of Novoezersk, Vologda		0.0
missing	11-07	Martyrs Melasippus, Karina, their son, Antoninus, and forty children converted by their martyrdom, at Ancyra		0.0
missing	11-07	Martyrs Auctus, Taurion, and Thessalonica, at Amphipolis, in Macedonia		0.0
missing	11-07	“Joyful” Icon of the Mother of God		0.0
elsewhere	11-07	Martyr Theodotus of Ancyra	05-18  Martyr Theodotus of Ancyra	1.0
present	11-08	Synaxis of the Archangel Michael and the Other Bodiless Powers	Synaxis of Archangel Michael and the Bodiless Powers	1.0
missing	11-08	Saint Alexander of Guria		0.0
present	11-09	Martyrs Onesiphorus and Porphyrius of Ephesus	Martyrs Onesiphorus and Porphyrius	1.0
present	11-09	Venerable Matrona, Abbess of Constantinople	Our Holy Mother Matrona (492)	1.0
missing	11-09	Venerable Theoktίstē of the Isle of Lesbos		0.0
probable	11-09	Venerable Onesiphorus the Confessor of the Kiev Near Caves	Martyrs Onesiphorus and Porphyrius	0.5
elsewhere	11-09	Martyr Alexander of Thessalonica	05-26  Holy New Martyr Alexander of Thessalonica (1794)	1.0
missing	11-09	Martyr Anthony of Apamea		0.0
probable	11-09	Venerable John the Short, of Egypt	Our Venerable Father John the Dwarf (John the Short) (4th c.)	0.67
missing	11-09	Saint Eustolia of Constantinople		0.0
missing	11-09	Saint Sopatra of Constantinople		0.0
probable	11-09	Saint Nectarius Kephalas, Metropolitan of Pentapolis	Our Father among the Saints Nectarius (Nektarios), bishop of Pentapolis, Wonderworker, and founder of the Monastery of the Holy Trinity on Aegina (1920).	0.5
probable	11-09	Venerable Euthymius, founder of Dochiariou Monastery (Mount Athos—10th c.), and Venerable Neophytus, Co-founder of the Monastery	Our Father among the Saints Nectarius (Nektarios), bishop of Pentapolis, Wonderworker, and founder of the Monastery of the Holy Trinity on Aegina (1920).	0.33
missing	11-09	“Quick to Hear” Icon of the Mother of God		0.0
present	11-10	Apostles of the Seventy: Erastus, Olympas, Herodion, Sosipater, Quartus, and Tertius	Apostles of the 70 Erastus, Olympas, Herodion, Sosipater, Quartus, Tertius	1.0
missing	11-10	Martyr Orestes, Physician of Cappadocia		0.0
missing	11-10	Hieromartyr Mίlos (or Milēs) the Wonderworker, and two disciples		0.0
probable	11-10	Venerable Theocteristus, Abbot of Symbola on Mount Olympus, Bithynia	Apostles of the 70 Erastus, Olympas, Herodion, Sosipater, Quartus, Tertius	0.2
missing	11-10	Martyr Constantine, King of Georgia		0.0
missing	11-10	Martyrdom of the Great-martyr George of Georgia		0.0
missing	11-10	Founding of the Church of Saint George		0.0
probable	11-11	Martyr Menas of Egypt	Martyrs Menas, Victor and Vincent	0.5
probable	11-11	Martyr Victor at Damascus	Martyrs Menas, Victor and Vincent	0.5
probable	11-11	Martyr Vincent of Spain	Martyrs Menas, Victor and Vincent	0.5
missing	11-11	Martyr Stephanida of Damascus		0.0
probable	11-11	Venerable Theodore the Confessor, Abbot of the Studion	Our Righteous Father Theodore the Studite (826)	0.5
missing	11-11	Repose of the Blessed Maximus of Moscow		0.0
missing	11-11	Venerable Martyrius, Abbot of Zelenets, Pskov		0.0
missing	11-11	Repose of Saint Stephen of Dečani, Serbia		0.0
elsewhere	11-11	Saint Martin the Merciful, Bishop of Tours	11-12  Our Father among the Saints Martin, Bishop of Tours (397)	1.0
missing	11-12	Saint Varnava (Nastic)		0.0
present	11-12	Saint John the Merciful, Patriarch of Alexandria	St John the Merciful, Patriarch of Alexandria	1.0
present	11-12	Venerable Neilos the Ascetic of Sinai	Our Holy Father Nilus the Ascetic of Sinai (430)	1.0
probable	11-12	Blessed John “the Hairy” and Fool-For-Christ at Rostov	St John the Merciful, Patriarch of Alexandria	0.33
missing	11-12	Prophet Ahijah		0.0
probable	11-12	Venerable Nilus the Myrrhgusher of Mount Athos	St Nilus the Myrrh-Gusher of Mt Athos (1651)	0.5
probable	11-12	“All-Merciful Kykkiotisa” Icon of the Mother of God	St John the Merciful, Patriarch of Alexandria	0.33
present	11-13	Saint John Chrysostom, Archbishop of Constantinople	St John Chrysostom, Archbishop of Constantinople	1.0
missing	11-13	Martyrs Nikephoros, Antoninus, and Germanus of Caesarea, in Palestine		0.0
missing	11-13	Martyr Manetha of Cæsarea in Palestine		0.0
missing	11-13	Monastic Martyr Damascene of the Lavra		0.0
missing	11-13	Stockholm Icon of the Mother of God		0.0
present	11-14	Holy, All-Praised Apostle Philip	Holy Apostle Philip	1.0
present	11-14	Saint Philip, Abbot of Irap Near Novgorod	Holy Apostle Philip	1.0
present	11-14	Saint Justinian the Emperor	Pious Emperor Justinian and His Wife Theodora (565)	1.0
probable	11-14	Saint Theodora the Empress	Pious Emperor Justinian and His Wife Theodora (565)	0.5
present	11-14	Saint Gregory Palamas, Archbishop of Thessalonica	St Gregory Palamas (1359)	1.0
missing	11-14	New Hieromartyr Demetrius (Benevolenskii) of Tver		0.0
present	11-14	New Martyr Constantine of Hydra	Holy Great New Martyr Constantine of Hydra	1.0
present	11-15	Holy Martyrs and Confessors Gurias, Samonas, and Habibus, of Edessa	Guria, Shamuna, and Habib, Martyrs and Confessors of Edessa	0.8
missing	11-15	Martyrs Elpidius, Marcellus, and Eustochius, who suffered under Julian the Apostate		0.0
missing	11-15	Martyr Dēmḗtrios of Thrace		0.0
present	11-15	Venerable Paisios Velichkovsky	Our Venerable Father Paisius Velichkovsky (1794)	1.0
missing	11-15	Kupyatitsa Icon of the Mother of God		0.0
missing	11-15	Saint Philip of Rabanga		0.0
missing	11-15	“Fragrant Flower” Icon of the Mother of God		0.0
present	11-16	Apostle and Evangelist Matthew	Holy Apostle and Evangelist Mathew	1.0
probable	11-16	Saint Fulvian (in Baptism Matthew), Prince of Ethiopia	Holy Apostle and Evangelist Mathew	0.5
missing	11-16	Saint Sergius of Malopinega		0.0
elsewhere	11-16	Saint Hypatius of Gangra	03-31  Hieromartyr Hypatius, Bishop of Gangra (326)	1.0
present	11-17	Saint Gregory, Wonderworker of Neocaesarea	St Gregory the Wonderworker	1.0
probable	11-17	Venerable Nikon, Abbot of Radonezh, disciple of Venerable Sergius	Ven. Nikon of Radonezh	0.67
missing	11-17	Venerable Lazarus the Iconographer, of Constantinople		0.0
missing	11-17	Martyr Gobron (Michael) and 133 soldiers, of Georgia		0.0
missing	11-17	Venerable Gennadius of Vatopedi, Mount Athos		0.0
probable	11-18	Martyr Platon of Ancyra	Martyrs Platon and Roman	0.5
probable	11-18	Martyr Romanus the Deacon of Caesarea	Martyrs Platon and Roman	0.5
missing	11-18	Martyr Barulas the Youth of Caesarea		0.0
present	11-18	New Martyr Anastasius of Epirus	Holy New Martyr Anastasius of Epirus (1750), and Daniel, whom he converted	1.0
present	11-18	Martyrs Zacchaeus the Deacon, and Alphaeus, of Caesarea in Palestine	Zaccheus the Deacon	1.0
present	11-19	Prophet Obadiah (Abdia)	Prophet Obadiah	1.0
probable	11-19	Martyr Barlaam of Caesarea, in Cappadocia	Holy Martyr Barlaam of Antioch (304)	0.5
probable	11-19	Venerable Barlaam, Abbot of the Kiev Near Caves	Holy Martyr Barlaam of Antioch (304)	0.5
missing	11-19	Finding of the relics of Monastic Martyr Adrian of Poshekhonsk, Yaroslavl		0.0
missing	11-19	Martyr Azes of Isauria and 150 soldiers with him		0.0
present	11-19	Martyr Heliodorus in Pamphylia	Martyr Heliodorus	1.0
missing	11-19	Venerable Hilarion the Wonderworker, Monk of Thessalonica		0.0
present	11-19	Repose of Saint Philaret (Drozdov), Metropolitan of Moscow	Our Holy Father Philaret, Metropolitan of Moscow (1867)	1.0
missing	11-19	“Consolation in Afflictions and Sorrows” Icon of the Mother of God		0.0
probable	11-19	Saints Barlaam the monk and Prince Ioasaph of India	Holy Martyr Barlaam of Antioch (304)	0.5
present	11-20	Forefeast of the Entry into the Temple of the Most Holy Theotokos	Forefeast of Entry	1.0
present	11-20	Venerable Gregory the Decapolite	Ven. Gregory Decapolites	1.0
present	11-20	Saint Proclus, Archbishop of Constantinople	Our Holy Father Proclus, Archbishop of Constantinople (447)	1.0
missing	11-20	Venerable Diodoros, Igoumen of George Hill		0.0
missing	11-20	Martyr Dasius of Dorostorum		0.0
missing	11-20	Martyrs Eustace, Thespesius, and Anatolius of Nicea		0.0
missing	11-20	Hieromartyrs Nerses and Joseph and many other men and women who suffered with them in Persia		0.0
missing	11-20	Saint Theoctistus the Confessor		0.0
present	11-21	The Entry of the Most Holy Mother of God into the Temple	Entry of the Most-Holy Theotokos into the Temple	0.8
missing	11-22	Afterfeast of the Entry of the Most Holy Mother of God into the Temple		0.0
present	11-22	Apostles of the Seventy Philemon and Archippus, Martyr Apphia, wife of Philemon and Equal-to-the-Apostles, and Onesimus, disciple of Saint Paul	Apostles of the 70 Philemon, Archippus, Apphia, and Onesimus	1.0
present	11-22	Martyr Michael, Prince of Tver	St Michael, Prince of Tver	1.0
probable	11-22	Blessed Yaropolk (in Baptism Peter), Prince of Vladimir-Volhynia	Holy Prince and Passion-Bearer Peter Yaropolk (1086)	0.6
present	11-22	Virgin Martyr Cecilia and the Holy Martyrs Valerian, Tiburtius and Maximus at Rome	Holy Martyrs Cecilia, Valerian, Tiburtius and Maximus, at Rome (3rd c.)	1.0
elsewhere	11-22	Martyr Procopius the Reader at Caesarea, in Palestine	07-08  Greatmartyr Procopius of Caesarea	1.0
missing	11-22	Martyr Menignus at Parium		0.0
missing	11-22	Saint Agabbas of Syria		0.0
probable	11-22	Righteous Michael the soldier of Potouka, Bulgaria	St Michael, Prince of Tver	0.33
present	11-22	Saint Kallistos II, Patriarch of Constantinople	Kallistos Xanthopoulos, Patriarch of Constantinople	1.0
missing	11-22	New Hieromartyr Alexis (Benemanskii) of Tver		0.0
missing	11-22	New Hieromartyr Elias (Gromoglasov) of Tver		0.0
missing	11-23	Afterfeast of the Entry of the Most Holy Mother of God into the Temple		0.0
present	11-23	Saint Amphilokhios, Bishop of Iconium	Our Holy Father Amphilocus, Bishop of Iconium (395)	1.0
present	11-23	Saint Gregory, Bishop of Agrigentum	Gregory, Bishop of Agrigentum	1.0
present	11-23	Repose of Saint Alexander Nevsky	Rt. Blv. Great Prince Alexander Nevsky	1.0
missing	11-23	Saint Metrophanes (in schema Macarius), Bishop of Voronezh		0.0
present	11-23	Sisinius the Confessor, Bishop of Cyzicus	Sisinios the Confessor	1.0
missing	11-23	Martyr Theodore of Antioch		0.0
missing	11-23	Ven. Anthony of Iezeru-Vâlcea Skete		0.0
probable	11-23	Hieromartyr Gregory (Peradze) of Georgia	Gregory, Bishop of Agrigentum	0.5
missing	11-24	Afterfeast of the Entry of the Most Holy Mother of God into the Temple		0.0
present	11-24	Great Martyr Katherine of Alexandria	Greatmartyr Catherine of Alexandria	1.0
present	11-24	Great Martyr Mercurius of Caesarea, in Cappadocia	Great Martyr Mercurius (ca. 259)	1.0
present	11-24	Martyr Mercurius of Smolensk	Holy Martyr Mercurius of Smolensk (1238)	1.0
present	11-24	Venerable Mercurius the Faster of the Kiev Caves	Great Martyr Mercurius (ca. 259)	1.0
probable	11-24	Empress Augusta, Porphyrius the General, the 50 philosophers and the 200 Soldiers martyred with the Great Martyr Katherine	Greatmartyr Catherine of Alexandria	0.5
missing	11-24	Virgin Martyr Mastridia of Alexandria		0.0
missing	11-24	Venerable Simon, Abbot of Soiga Monastery, Vologda		0.0
present	11-25	Leavetaking of the Entry of the Most Holy Theotokos Into the Temple	Leavetaking of the Entry	1.0
missing	11-25	Hieromartyr Clement, Pope of Rome		0.0
missing	11-25	Hieromartyr Peter, Archbishop of Alexandria		0.0
elsewhere	11-25	Saint Clement of Ochrid, Equal of the Apostles, Bishop of Greater Macedonia, and his companions Nahum, Savva, Gorazd and Angelar	07-27  St Clement, Archbishop of Ochrid (916)	1.0
missing	11-26	The Righteous Gideon		0.0
probable	11-26	Venerable Alypius the Stylite of Adrianopolis	Ven. Alypius the Stylite	0.67
probable	11-26	Dedication of the Church of the Greatmartyr George at Kiev	Holy New Martyr George of Chios (1897)	0.5
present	11-26	Repose of Saint Innocent, first Bishop of Irkutsk	Our Holy Father Innocent, Bishop of Irkutsk (1731)	1.0
missing	11-26	Venerable James the Solitary of Syria		0.0
present	11-26	Venerable Stylianus of Paphlagonia	Stylianos the Monk of Paphlagonia	1.0
probable	11-26	Venerable Nikon “Metanoeite,” the Preacher of Repentance	"St Nikon Metanoite (""Repent!"") (ca. 1000)"	0.67
elsewhere	11-26	Saints Athanasios and Theodosios of Cherepovets, disciples of Saint Sergius of Radonezh	09-25  Our Holy Father Sergius of Radonezh (1392)	1.0
probable	11-27	Greatmartyr James the Persian	James the Wonderworker, Bishop of Rostov	0.5
missing	11-27	Venerable Palladius of Thessalonica		0.0
present	11-27	Saint James the Wonderworker, Bishop of Rostov	James the Wonderworker, Bishop of Rostov	1.0
missing	11-27	Uncovering of the relics of Saint Vsévolod (Gabriel) of Pskov		0.0
missing	11-27	17 Monastic Martyrs in India		0.0
missing	11-27	Venerable Romanós of Cilicia		0.0
missing	11-27	Repose of Venerable Diodorus, Igoumen of George Hill		0.0
missing	11-27	Commemoration of the Weeping Icon of the Mother of God “of the Sign” at Novgorod		0.0
missing	11-27	“Kursk-Root” Icon of the Mother of God		0.0
missing	11-27	Icon of the Mother of God of Abalaka		0.0
missing	11-27	Saint Theodosius of Trnovo		0.0
missing	11-27	Icon of the Mother of God of Tsarskoe Selo		0.0
missing	11-27	“Seraphim-Ponetaevka” Icon of the Mother of God		0.0
present	11-28	Monastic Martyr and Confessor Stephen the New	Monk Martyr and Confessor Stephen the New	1.0
missing	11-28	Monastic Martyrs and Confessors Auxentius, Basil, Gregory, another Gregory, John, Andrew, Peter and many others		0.0
missing	11-28	Martyr Anna		0.0
present	11-28	Martyr Irenarchus and Seven Women Martyrs at Sebaste	Martyr Irenarchus and Seven Women Martyrs at Sebaste	1.0
missing	11-28	Saint Theodore, Archbishop of Rostov		0.0
present	11-28	Martyr Timothy and his companions, at Tiberiopolis	Martyr Timothy and his Companions at Tiberiopolis	1.0
missing	11-28	Hieromartyr Metropolitan Seraphim (Chichagov)		0.0
missing	11-28	Martyr Hristo of Bulgaria		0.0
probable	11-29	Martyr Paramon and 370 Martyrs in Bithynia	Martyr Paramon and Companions	0.5
missing	11-29	Martyr Philoumenus of Ancyra		0.0
missing	11-29	Martyr Valerian		0.0
present	11-29	Martyr Phaedrus	Phaedrus the Martyr	1.0
missing	11-29	Venerable Acacius of Sinai, who is mentioned in the Ladder		0.0
elsewhere	11-29	Venerable Nectarius the Obedient of the Kiev Near Caves	04-08  Rufus the Obedient of the Kiev Caves	0.75
missing	11-29	Hieromartyr Abibus, Bishop of Nekresi in Georgia		0.0
missing	11-30	Venerable Sebastian Dabovich		0.0
present	11-30	Apostle Andrew, the Holy and All-Praised First-Called	Holy Apostle Andrew the First Called	1.0
probable	11-30	Saint Frumentius, Archbishop of Abyssinia, Ethiopia	Our Venerable Father Frumentius, first Bishop of Ethiopia (4th c.)	0.67
probable	11-30	Entrance of the Apostle Andrew into Georgia	Holy Apostle Andrew the First Called	0.33
missing	11-30	Saint Vakhtang Gorgasali, King of Georgia		0.0
probable	11-30	Hierarch Peter, first Catholicos of Georgia	Our Venerable Father Frumentius, first Bishop of Ethiopia (4th c.)	0.33
missing	11-30	Hierarch Samuel, Second Catholicos of Georgia		0.0
present	12-01	Prophet Nahum	Prophet Nahum	1.0
probable	12-01	Righteous Philaret the Merciful of Amnia in Asia Minor	Saint Philaret the Merciful of Constantinople (762)	0.67
missing	12-01	Martyr Ananias of Persia		0.0
missing	12-01	Venerable Botolph of Iken		0.0
missing	12-02	Venerable Alexei (Kabalyuk)		0.0
present	12-02	Prophet Habakkuk	Holy Prophet Habbakuk (Abbacum) (7th c. BC).	1.0
present	12-02	Venerable Athanasius “the Resurrected One”, Recluse of the Kiev Near Caves	"Our Holy Father Athanasius ""the Resurrected,"" Recluse of the Kiev Caves (1176)"	1.0
present	12-02	Venerable Athanasius the Recluse of the Kiev Caves	"Our Holy Father Athanasius ""the Resurrected,"" Recluse of the Kiev Caves (1176)"	1.0
present	12-02	Martyr Myrope of Chios	Holy Martyr Myrope (Myropea) of Chios (251)	1.0
missing	12-02	Saints John, Heraclemon, Andrew, and Theophilus, of Egypt		0.0
missing	12-02	Saint Jesse, Bishop of Tsilkani, Georgia		0.0
present	12-02	Saint Stephen Urosh, King of Serbia	Saint (Stephen) Uroš, King of Serbia (1367)	0.75
present	12-02	Venerable Joannicius of Devic	Joannicos the Monk of Devich	1.0
missing	12-02	Synaxis of the Gerontissa Icon of the Mother of God		0.0
probable	12-02	Saint Porphyrios, Wonderworker of Kavsokaliva	Saint Porphyrios of Kavsokalyvia (1991) (Nov. 19 OC)	0.5
present	12-03	Prophet Zephaniah	Prophet Zephaniah	1.0
probable	12-03	Venerable Savva, Igoumen of Zvenigorod, Disciple of Venerable Sergius of Radonezh	Ven. Savva of Zvenigorod	0.67
missing	12-03	Saint Theodoulus, Eparch of Constantinople		0.0
probable	12-03	Venerable John the Silent of Saint Sabbas Monastery	Our Venerable Father John the Silent, Bishop of Colonia (558)	0.67
present	12-03	Hieromartyr Theodore, Archbishop of Alexandria	Theodore, Archbishop of Alexandria	1.0
missing	12-03	Monastic Martyr Cosmas of Saint Anne Skete, Mount Athos		0.0
missing	12-03	Venerable George of Cernica		0.0
present	12-03	New Martyr Angelos of Chios	Angelis the New Martyr	1.0
probable	12-04	Glorification of the Priestmartyr Alexander Hotovitzky	Hieromartyr Alexander Hotovitzky, Missionary to America (1937)	0.5
present	12-04	Greatmartyr Barbara and Martyr Juliana, at Heliopolis in Syria	Juliana the Martyr of Heliopolis	1.0
present	12-04	Venerable John of Damascus	Our Righteous Father John of Damascus (760)	1.0
probable	12-04	Saint John, Bishop of Polybotum	Our Righteous Father John of Damascus (760)	0.5
present	12-04	Saint Gennadius, Archbishop of Novgorod	Saint Gennadius, Archbishop of Novgorod (1505)	1.0
missing	12-04	Hieromartyr Seraphim Archbishop of Phanarion and Neochorion		0.0
missing	12-04	Icon of the Mother of God of Damascus		0.0
present	12-05	Venerable Savva the Sanctified	Ven. Sabbas the Sanctified	1.0
elsewhere	12-05	Saint Gurias, Archbishop of Kazan	10-04  Unc. Rel. Gurias of Kazan and Varsanuphy of Tver	1.0
missing	12-05	Martyr Anastasius the Fuller of Salona in Dalmatia		0.0
missing	12-05	Venerable Karion (Cyrion) and his son, Venerable Zachariah, of Egypt		0.0
probable	12-05	Venerable Nectarius of Bitolya and Mount Athos	St Cosmas the Protos of Mount Athos and his companions (ca. 1274)	0.5
probable	12-05	Venerable Philotheus of Karyes, Mount Athos	St Cosmas the Protos of Mount Athos and his companions (ca. 1274)	0.5
missing	12-05	Monastic Martyrs of Karyes		0.0
missing	12-05	Saint Crispina		0.0
present	12-06	Saint Nicholas the Wonderworker, Archbishop of Myra in Lycia	St Nicholas the Wonderworker, Abp. of Myra in Lycia	1.0
present	12-06	Saint Maximus, Metropolitan of Kiev	St Maximus, Metropolitan of Kiev & Vladimir (1305)	1.0
present	12-07	Saint Ambrose, Bishop of Milan	St Ambrose, Bishop of Milan	1.0
missing	12-07	Venerable Anthony, Abbot of Siya, Novgorod		0.0
probable	12-07	Venerable Nilus of Stolbensk Lake	Ven. Nilus of Stolobensk	0.33
missing	12-07	Venerable John the Faster of the Kiev Near Caves		0.0
present	12-07	Martyr Athenodorus of Mesopotamia	Athenodoros the Martyr of Mesopotamia	1.0
missing	12-07	Venerable Paul the Obedient		0.0
missing	12-07	Saint Philothea of Thrace, Protectress of Romania		0.0
missing	12-07	Venerable Gregory, founder of Grigoriou Monastery, Mount Athos		0.0
elsewhere	12-07	“Vladimir” Icon of the Mother of God of Seliger	08-26  Vladimir Icon	1.0
present	12-08	Venerable Patapius of Thebes	Ven. Patapius of Thebes	1.0
missing	12-08	Venerable Cyril, Abbot of Chelma Hill		0.0
present	12-08	Holy Apostles of the Seventy: Sosthenes, Apollos, Cephas, Tychicus, Epaphroditus, Caesar, and Onesiphorus	Holy Apostles Sosthenes, Apollos, Tychicus and Epaphroditus, Cephas and Caesar	1.0
missing	12-08	Martyr Anthusa at Rome		0.0
missing	12-08	362 Martyrs of Africa (62 Clergy and 300 Laypeople)		0.0
present	12-09	Conception of the Most Holy Theotokos by Saint Anna	Conception by St Anna of the Theotokos	1.0
present	12-09	Prophetess Hannah the mother of the Prophet Samuel	St Hannah (Anna), the Prophetess, the mother of the Prophet Samuel (12th c. BC)	1.0
missing	12-09	Saint Sophronius, Archbishop of Cyprus		0.0
present	12-09	Saint Stephen the “New Light” of Constantinople	St Stephen the New Light (Neolampes) of Constantinople (912)	1.0
missing	12-09	“Unexpected Joy” Icon of the Mother of God		0.0
elsewhere	12-09	Hieromonk Anthimus the Athonite, “Fool for Christ”	10-02  Bl. Andrew, Fool-for-Christ	0.75
present	12-10	Martyrs Menas, Hermogenes, and Eugraphus, of Alexandria	Martyrs Menas, Hermogenes, Eugraphus	1.0
missing	12-10	Saint Joasaph, Bishop of Belgorod		0.0
missing	12-10	Martyr Gemellus of Paphlagonia		0.0
present	12-10	Venerable Thomas of Bithynia	Thomas the Righteous of Bithynia	1.0
elsewhere	12-10	Righteous King John of Serbia, and his parents Righteous Stephen, Despot of Serbia, and Venerable Angelina of Serbia	12-02  Saint (Stephen) Uroš, King of Serbia (1367)	0.75
missing	12-10	Venerable Leontios of Achaia		0.0
probable	12-11	Venerable Daniel the Stylite of Constantinople	Ven. Daniel the Stylite	0.67
present	12-11	Venerable Nikon the Dry, of the Kiev Near Caves	Saint Nikon the Dry of the Kiev Caves (1101)	1.0
missing	12-11	Martyr Mirax of Egypt		0.0
missing	12-11	Martyrs Akepsimas and Aithalas of Egypt		0.0
present	12-11	Venerable Luke the New Stylite of Chalcedon	Our Venerable Father Luke the New Stylite (979)	1.0
missing	12-11	Synaxis of the Saints of Georgia		0.0
missing	12-12	Saint Mardarije (Uskokovic) of Libertyville		0.0
present	12-12	Saint Spyridon the Wonderworker, Bishop of Tremithus	St Spyridon the Wonderworker	1.0
missing	12-12	Venerable Therapon, Abbot of Monza		0.0
missing	12-12	Hieromartyr Alexander, Bishop of Jerusalem		0.0
missing	12-12	Martyr Synetus of Rome		0.0
missing	12-12	Martyr John, Abbot of the Zedazeni Monastery		0.0
present	12-13	Sunday of the Forefathers	Sunday of the Forefathers	1.0
elsewhere	12-13	Righteous Priest Aaron	09-02  Righteous Eleazar, son of Aaron and second High Priest of Israel	1.0
missing	12-13	Righteous Benjamin		0.0
missing	12-13	Righteous Deborah		0.0
missing	12-13	Righteous Hezron		0.0
missing	12-13	Righteous Isaac		0.0
missing	12-13	Righteous Jacob		0.0
missing	12-13	Righteous Judith		0.0
missing	12-13	Righteous Miriam		0.0
missing	12-13	Prophet Nathan		0.0
missing	12-13	Prophet Nehemiah		0.0
missing	12-13	Righteous Noah		0.0
missing	12-13	Righteous Rebecca		0.0
missing	12-13	Righteous Sarah		0.0
missing	12-13	Prophet Solomon		0.0
missing	12-13	Righteous Susanna		0.0
missing	12-13	Righteous Ruth		0.0
missing	12-13	Righteous Mary		0.0
present	12-13	Repose of Venerable Herman of Alaska, Wonderworker of All America	Repose Ven. Herman of Alaska, Wonderworker of All America	1.0
present	12-13	Martyrs Eustratius, Auxentius, Eugene, Mardarius, and Orestes, at Sebaste	Martyrs Eustratius, Auxentius, Eugene, Mardarius, and Orestes at Sebaste	1.0
present	12-13	Virgin Martyr Lucy of Syracuse	Holy Virgin Martyr Lucy of Syracuse (304)	1.0
missing	12-13	Venerable Arcadius of Novotorsk		0.0
probable	12-13	Venerable Mardarios the Recluse of the Kiev Caves	Martyrs Eustratius, Auxentius, Eugene, Mardarius, and Orestes at Sebaste	0.25
missing	12-13	Venerable Arsenius of Latros		0.0
present	12-13	Hieromartyr Gabriel of Serbia	Gabriel the Hieromartyr, Archbishop of Serbia	1.0
present	12-14	Martyrs Thyrsos, Leukios, and Kallinikos	Martyrs Thyrsus, Leucis, Callinicus	1.0
present	12-14	Martyrs Philemon, Apollonios, Arrian, and Theonas of Alexandria	Holy Martyrs Philemon, Apollonius, Arian and those with them (3rd c.)	0.75
missing	12-14	Saint Hilarion, Metropolitan of Suzdal and Yuriev		0.0
present	12-15	Hieromartyr Eleutherius, Bishop of Illyria, his mother, Martyr Evanthia, and Caribus the Eparch	Hieromartyr Eleutherius of Illyria and his mother, Martyr Evanthia	1.0
missing	12-15	Venerable Paul of Latros		0.0
present	12-15	Saint Stephen the Confessor, Archbishop of Sourozh, Crimea	St Stephen of Surozh	1.0
probable	12-15	Venerable Tryphon, Abbot of Pechenga	Our Venerable Father Tryphon of Kola, apostle of Laponia (1583), and his disciple the Holy Martyr Jonah (1590)	0.5
present	12-15	Martyr Jonah, disciple of Tryphon of Pechenga	Our Venerable Father Tryphon of Kola, apostle of Laponia (1583), and his disciple the Holy Martyr Jonah (1590)	0.75
probable	12-15	Martyr Eleutherius at Constantinople	Hieromartyr Eleutherius of Illyria and his mother, Martyr Evanthia	0.5
missing	12-15	Venerable Pardus the Hermit, of Palestine		0.0
missing	12-15	Hieromartyr Hilarion, Archbishop of Verey		0.0
missing	12-15	Saint Nectarius of Bitel		0.0
present	12-16	Prophet Haggai	Prophet Haggai	1.0
missing	12-16	Martyr Marinus of Rome		0.0
probable	12-16	Saint Theophanó the Wonderworker, wife of Emperor Leo the Wise	Holy Empress and Wonderworker Theophano (893)	0.5
missing	12-16	Venerable Sophia of Suzdal, the Wonderworker		0.0
present	12-17	Prophet Daniel	Holy Prophet Daniel and Three Holy Youths	1.0
probable	12-17	The Three Holy Youths: Ananias, Azarias and Misael	Holy Prophet Daniel and Three Holy Youths	0.67
probable	12-17	Venerable Daniel the Confessor (in Schema Stephen) of Spain, and Egypt	Holy Prophet Daniel and Three Holy Youths	0.33
probable	12-17	Venerable Dionysius of Aegina	Our Holy Father Dionysius the New of Zakinthos (1624)	0.5
missing	12-17	Martyr Avakum the Deacon of Serbia		0.0
missing	12-17	Saint Paisius		0.0
present	12-18	Martyr Sebastian at Rome, and his companions	Martyr Sebastian and Companions at Rome	1.0
probable	12-18	Venerable Sebastian, Abbot of Pshekhonye Monastery, Vologda	Martyr Sebastian and Companions at Rome	0.33
missing	12-18	Righteous Simeon, Wonderworker of Verkhoturye		0.0
present	12-18	Saint Modestos, Archbishop of Jerusalem	Holy Hieromartyr Modestus I, Archbishop of Jerusalem (634)	1.0
missing	12-18	Saint Florus, Bishop of Amisus		0.0
missing	12-18	Saint Michael the Confessor at Constantinople		0.0
missing	12-18	New Hieromartyr Archbishop Thaddeus of Tver		0.0
missing	12-18	Venerable Daniel the Hesychast		0.0
probable	12-19	Martyr Boniface at Tarsus in Cilicia, and Righteous Aglaϊa of Rome	Martyr Boniface and Righteous Aglaida	0.5
missing	12-19	Venerable Elias of Murom, Wonderworker of the Kiev Near Caves		0.0
missing	12-19	Martyrs Elias, Probus, and Ares in Cilicia		0.0
probable	12-19	Saint Boniface the Merciful, Bishop of Ferentino	Martyr Boniface and Righteous Aglaida	0.5
missing	12-19	Saint Gregory, Archbishop of Omirits		0.0
missing	12-19	Venerable George the Scribe, and Venerable Savva, of Khakhuli		0.0
present	12-20	Sunday before the Nativity	Sunday before Nativity	1.0
present	12-20	Forefeast of the Nativity of our Lord	Forefeast of Nativity	1.0
probable	12-20	Hieromartyr Ignatius the God-Bearer, Bishop of Antioch	Hieromartyr Ignatius the Godbearer	0.5
probable	12-20	Venerable Ignatius, Archimandrite of the Kiev Caves	Hieromartyr Ignatius the Godbearer	0.5
present	12-20	Saint Philogonius, Bishop of Antioch	Our Righteous Father Philogonius, Bishop of Antioch	1.0
missing	12-20	Saint Daniel II, Archbishop of Serbia		0.0
present	12-20	Repose of Saint John of Kronstadt	Repose of St. John of Kronstadt	1.0
missing	12-20	Icon of the Mother of God the “Rescuer of the Drowning”		0.0
probable	12-20	New-martyr John of Thasos	Repose of St. John of Kronstadt	0.5
missing	12-20	Icon of the Mother of God of Novgorod		0.0
elsewhere	12-21	Forefeast of the Nativity of our Lord	12-20  Forefeast of Nativity	1.0
probable	12-21	Virgin Martyr Juliana of Nicomedia, and 500 men and 130 women with her	Virgin Martyr Juliana and Companions	0.67
present	12-21	Repose of Saint Peter, Metropolitan of Moscow, Wonderworker of All Russia	Our Holy Father Peter, Metropolitan of Moscow (1326)	1.0
probable	12-21	Right-believing Princess Juliana of Vyazma	Virgin Martyr Juliana and Companions	0.33
present	12-21	Blessed Procopius of Vyatka the Fool-For-Christ	Saint Procopius of Vyatka, Fool for Christ (1627)	1.0
present	12-21	Martyr Themistocles of Myra in Lycia	Themistocles the Martyr of Myra	1.0
missing	12-21	Venerable Macarius the Faster, Abbot of the Khakhuli Monastery		0.0
elsewhere	12-22	Forefeast of the Nativity of our Lord	12-20  Forefeast of Nativity	1.0
probable	12-22	Great Martyr Anastasia the Deliverer from Poisons, her teacher, Martyr Chrysogonos, and many with them	Greatmartyr Anastasia and Companions	0.5
elsewhere	12-23	Forefeast of the Nativity of our Lord	12-20  Forefeast of Nativity	1.0
missing	12-23	10 Holy Martyrs of Crete		0.0
missing	12-23	Repose of Saint Theoktistos, Archbishop of Novgorod		0.0
missing	12-23	Saint Niphon, Bishop of Constantia, Cyprus		0.0
present	12-23	Saint Paul, Bishop of Neocaesarea	Our Venerable Father Paul, Archbishop of Neocaesarea (4th c.)	1.0
probable	12-23	Saint Nahum of Ochrid, disciple of Saints Cyril and Methodius, Equal of the Apostles	Our Holy Father Nahum of Ochrid, Wonderworker and Enlightener of the Slavs (ca. 900)	0.5
present	12-24	Eve of the Nativity of our Lord	Eve of Nativity	1.0
probable	12-24	Nun-Martyr Eugenia of Rome	Holy Virgin and Martyr Eugenia and her companions (ca. 190)	0.5
missing	12-24	Venerable Nicholas the Monk of Bulgaria		0.0
missing	12-24	Saint Antiochus		0.0
present	12-25	The Nativity of our Lord God and Savior Jesus Christ	Nativity of Christ	1.0
missing	12-25	The Adoration of the Magi: Melchior, Caspar, and Balthasar		0.0
probable	12-25	Commemoration of the Shepherds in Bethlehem who were watching their flocks, and went to see the Lord	The Shepherds who saw the Lord	0.67
missing	12-25	Priestmonk Jonah the Martyr of Pechenga		0.0
missing	12-26	Second Day of the Nativity of our Lord		0.0
missing	12-26	Synaxis of the Most Holy Mother of God		0.0
present	12-26	Hieromartyr Euthymius, Bishop of Sardis	Hieromartyr Euthymius of Sardis	1.0
present	12-26	Venerable Constantine of Synnada	Our Holy Father Constantine of Synnada (7th c.)	1.0
missing	12-26	Venerable Evarestus of the Studion Monastery		0.0
missing	12-26	Saint Νikodemos the Sanctified of Tismana, Romania		0.0
probable	12-26	Hieromartyr Constantine the Russian of Lavra on Mount Athos	Our Holy Father Constantine of Synnada (7th c.)	0.5
missing	12-26	“Bethlehem” Icon of the Mother of God		0.0
missing	12-26	Icon of the Mother of God “the Blessed Womb”		0.0
missing	12-26	Venerable Isaac II of Optina		0.0
probable	12-27	Commemoration of the Holy Righteous David the King, Joseph the Betrothed, and James the Brother of the Lord	Our Righteous Father Theodore the Branded, brother of St Theophanes the Hymnographer	0.2
missing	12-27	Holy Righteous Joseph the Betrothed		0.0
missing	12-27	Holy Righteous David the King		0.0
probable	12-27	Righteous James the Brother of the Lord	Our Righteous Father Theodore the Branded, brother of St Theophanes the Hymnographer	0.33
missing	12-27	Third Day of the Nativity of our Lord		0.0
present	12-27	Protomartyr and Archdeacon Stephen	Protomartyr Stephen	1.0
probable	12-27	Venerable Theodore Graptus, “the branded,” Confessor	Our Righteous Father Theodore the Branded, brother of St Theophanes the Hymnographer	0.67
present	12-27	Saint Theodore, Archbishop of Constantinople	Theodore, Patriarch of Constantinople	1.0
missing	12-27	“All-Merciful Kykko” Icon of the Mother of God		0.0
elsewhere	12-28	Afterfeast of the Nativity of our Lord and Savior Jesus Christ	12-25  The Nativity according to the Flesh of our Lord, God and Savior Jesus Christ	0.83
missing	12-28	20,000 Martyrs of Nicomedia		0.0
missing	12-28	Venerable Ignatius of Loma and Yaroslav		0.0
missing	12-28	Apostle Nicanor the Deacon of the Seventy		0.0
probable	12-28	Venerable Simon the Myrrh-gusher of Mount Athos	Our Holy Father Simon the Outpourer of Myrrh, Founder of Simonopetra Monastery, Mt Athos (1287)	0.6
missing	12-28	Hieromartyr Νikόdēmos, Bishop of Belgorod		0.0
elsewhere	12-29	Afterfeast of the Nativity of our Lord and Savior Jesus Christ	12-25  The Nativity according to the Flesh of our Lord, God and Savior Jesus Christ	0.83
present	12-29	14,000 Infants (the Holy Innocents) slain by Herod at Bethlehem	Holy Innocents Slain by Herod	1.0
present	12-29	Venerable Marcellus, Abbot of the Monastery of the “Unsleeping Ones”	Our Venerable Father Marcellus, Abbot of the Monastery of the Unsleeping Ones (485)	1.0
missing	12-29	Venerable Mark the Grave-Digger, Theophilus, and John, of the Kiev Near Caves		0.0
missing	12-29	Venerable Theophilos and Jacob, wonderworkers of Omuch		0.0
present	12-29	Venerable Thaddeus the Confessor of the Studion	Our Righteous Father Thaddeus the Confessor	1.0
missing	12-29	All Orthodox Christians who died as martyrs for the glory of Christ by hunger, thirst, freezing, and by the sword		0.0
missing	12-29	Venerable Basilisk the Hesychast of Siberia		0.0
elsewhere	12-30	Afterfeast of the Nativity of our Lord and Savior Jesus Christ	12-25  The Nativity according to the Flesh of our Lord, God and Savior Jesus Christ	0.83
present	12-30	Virgin Martyr Anysia at Thessalonica	Virgin Martyr Anysia at Thessalonica	1.0
missing	12-30	Martyr Zoticus the Keeper of Orphans		0.0
missing	12-30	Apostle Timon the Deacon of the Seventy		0.0
present	12-30	Martyr Philetairus of Nicomedia	Holy Martyr Philetaerus	1.0
missing	12-30	Venerable Theodora of Caesarea, in Cappadocia		0.0
elsewhere	12-30	Venerable Theodora of Constantinople	04-20  Ven. Theodore Trichinas	1.0
present	12-30	Monastic Martyr Gideon of Karakalou, Mount Athos	Gideon the New Martyr of Mount Athos	1.0
present	12-30	Saint Macarius, Metropolitan of Moscow and All Russia	Our Holy Father Macarius, Metropolitan of Moscow and All Russia (1563)	1.0
missing	12-30	Opening of the relics of Saint Daniel of Pereyaslavl		0.0
present	12-31	Leavetaking of the Nativity of our Lord	Leavetaking of the Nativity	1.0
present	12-31	Venerable Melania the Younger of Rome	Ven. Melania the Younger of Rome	1.0
missing	12-31	Venerable Cyriacus of Bisericani, Romania		0.0
missing	12-31	Venerable Cyriacus of Tazlau, Romania		0.0
present	12-31	Saint Theophylactus of Ochrid	St Theophylact, Archbishop of Ochrid (ca. 1126)	1.0
missing	12-31	Venerable Sabiana, Abbess of the Samtskhe Monastery		0.0
missing	12-31	Saint Dositheus the Confessor, Bishop of Serbia		0.0
missing	12-31	“Unfading Flower” Icon of the Mother of God at Ardatov		0.0
